lead_id,score
lead_97e409eb8f8c8246,0.2557875191016454
lead_55310edb4489f9e9,0.47856565024105296
lead_e7f653a2c6a7eee8,0.9868739982032851
lead_22f8e1cfc487ac20,0.07204956365737444
lead_48b638b839abfac3,0.38914463894990053
lead_bf0b08db8abc5aa5,0.5001043272261062
lead_a576da4143978645,0.30877245293726346
lead_b8088850f04f3c69,0.07780713847961564
lead_5c4a70a402d17d14,0.05886943406791322
lead_364d2ff08df16ea6,0.2952675406581916
lead_3fd0d5c474379dcc,0.264258716573518
lead_97d4e8228242557a,0.06308731681813741
lead_72c50355f524eeb1,0.2590556070503091
lead_06ba5fc24ef9f0ab,0.07863882796722241
lead_cd2af1518a843e73,0.4339477541854513
lead_411d412d9527516c,0.25563108797516815
lead_c5c4376207d1078f,0.2939980296908904
lead_571894a9fd72d42c,0.39849854607684226
lead_12923328f2bcb65f,0.050993892071549966
lead_8af228f72b418594,0.2517173356913157
lead_12158851f0d41486,0.15222674371858527
lead_e4fcd3bc9f5a6b3d,0.717323270583138
lead_f65aa3b93f3fe23e,0.8023722125775294
lead_7684fb403c4df87b,0.11801095755813944
lead_5042cc961a50e95c,0.523968670515513
lead_b2741e36d6fd87f1,0.2273365673285144
lead_a9295d0e77affb47,0.48191362101762164
lead_b201c9f57ed1116b,0.05487829215220369
lead_b6afca015660ece5,0.19030242481788606
lead_a5a2dfbf694735c9,0.43102019212439674
lead_8de0720c2859499e,0.6011871776768959
lead_93b8e1a595050276,0.24087622153787525
lead_51a532ac045c26d1,0.6103900846842613
lead_5b175113447d7ebe,0.13274922848350407
lead_251a94e1e2d1ba7a,0.4718444440524478
lead_b15a052e79bf8b6b,0.3038265793355717
lead_e6cf15883649b698,0.6715548009202076
lead_e18ca82aa2e5363a,0.37550873860282813
lead_be8fb1b63d620d25,0.6833201652780567
lead_b602ac62427ca77c,0.1991670229004406
lead_8a22f99d25efe060,0.38931866931734477
lead_e050dad791e23d00,0.02598099980423908
lead_1078f5d8bf046891,0.4360095414257557
lead_8fb9e512dea90faa,0.9845774945961873
lead_017d01772e2dc0f5,0.22418877068150597
lead_753cab1f6fc5611f,0.26635511586819755
lead_34a44d33c95e294c,0.14290543222892202
lead_d4689da98b7a8353,0.09501586661859966
lead_84f849d36e16b0f5,0.5132252033137151
lead_d3a177f1213f249e,0.13026601519643458
lead_44a54285a6dd127f,0.02897964060301723
lead_10e62c75970c97c6,0.275884163584131
lead_3bac238530c549cd,0.8976743775005692
lead_9aaa08a5c885e9a7,0.06682875176869109
lead_a03e7a24b09dee45,0.24585549052389577
lead_5fca87beaafd7355,0.46924171922666097
lead_5136d9dacb26f851,0.06465920928342335
lead_cfe1079b24794144,0.04801754921957726
lead_c1c6514362182cfe,0.06558264048849463
lead_2452b217a60884a3,0.7859613509201968
lead_9c7b11946b2bc457,0.1422418018191877
lead_91580c98b8197363,0.5261969419053036
lead_1879855b149b2f98,0.3979962595418694
lead_d7f593ab1da462f8,0.3671043274305641
lead_ea2ac121e798f1de,0.19134777601282513
lead_99013a7603ebb740,0.4370418494805243
lead_0a2f94df30ce79f6,0.17829205878167312
lead_46ca59e3a20e34c8,0.7075697049881494
lead_3dfd710f436db0a2,0.15731235604437402
lead_9783bc8372a83890,0.6005844670783022
lead_162c10890eb6ac25,0.18244071885098864
lead_3f8d8be5b6893218,0.3049150644680568
lead_69be721404235fa4,0.8140765068788953
lead_02eed01c4b4bff0f,0.509209519323128
lead_a84a71d0e12c9c1b,0.05657756687778263
lead_8f5946f089ce8749,0.1461740211142988
lead_5f53d9d4e2b3537e,0.6546638840143729
lead_d7284d096760d30a,0.6198618966142969
lead_165aecd1a15209f2,0.2507759576699791
lead_83f243e7df679951,0.8360358922957025
lead_0621e3676c9a60b6,0.20535540703251268
lead_9eac04ecbf03830c,0.2635473242665699
lead_07136daab43acdcf,0.47754523071239713
lead_2eaba4ceab798305,0.11830078423000216
lead_c981196337dcab0b,0.21188831926256135
lead_0e666a1d8b270e33,0.2527651599952743
lead_995272c72711fc1f,0.3742373366173482
lead_a18219ca6104a248,0.4303889694473124
lead_e6a9082a41d4e78c,0.02836067455546128
lead_0ec44701b359d5ea,0.08576326217444959
lead_0f308f2904ffeaef,0.2309771586686279
lead_feff3870d7adf204,0.28138600412287795
lead_b39dc0a22e85e61a,0.2869464461009003
lead_58cbe9ea6fc0a7a1,0.22940691862425192
lead_1d0702b3da2f17b8,0.47404010788238704
lead_a452c70bd56263e3,0.19849070433120608
lead_37d6d0fc4d3b875e,0.7868109943701184
lead_19e84d7b431c5e4c,0.38230754329235994
lead_1f29d36893ffa61b,0.24027350343698672
lead_04f7d7b5a975c4d9,0.3932489082087629
lead_166785ba54d64cb4,0.641559589130457
lead_5e8eedc4e66258f6,0.1981302529068444
lead_e1e84a1da606a78b,0.059083993210726
lead_d91877302b1135ee,0.6657042100396912
lead_79fb2102e0d95910,0.3811397219628209
lead_c882a2b5971c1663,0.31207807626922274
lead_7d98aae6b270d158,0.08047255838879663
lead_ebf7228dce66d8c9,0.7326403943558234
lead_06caa5ca821b7f7b,0.7506624596965198
lead_ed17d3b95f5a4b6d,0.25518280750628536
lead_5f92d725c522043d,0.05216645291817798
lead_5f04f4ca8d272dd0,0.7766709501177577
lead_c37afa0f42b22f4a,0.18489925964727402
lead_ec2a05d1b66d2026,0.23065850143786296
lead_6e940e4571a565d7,0.5938077915491399
lead_91bd14c53557404b,0.774466340968419
lead_da62cdf5b4693399,0.5024274420010845
lead_c80ef65f03ebfb9a,0.12803772411377834
lead_0751fd7eb954d785,0.10837717398464215
lead_9a7e6469541161c5,0.44573551087799895
lead_77ab0c2cde197d8d,0.1641175424380427
lead_ff05d921bd5c6cb7,0.6902862189758743
lead_d32e65d8f42ee2c6,0.2928139869873538
lead_17c0503909cce3ee,0.088425649540445
lead_0468c246acd30d0c,0.7083700548396501
lead_e8dcdad33ee50fd4,0.48088512794936317
lead_f955f9b33b8ebc55,0.5857364643287322
lead_a1786166920034d8,0.5154921363830376
lead_a9f039f0fc527fcf,0.30457020227988013
lead_778f74dd69ec86d0,0.8549565158681537
lead_b006270eb9b0cb5b,0.7501748624798875
lead_b92133abfc0cf3d9,0.7805541932814785
lead_c8c941a617c1427f,0.17331106877088917
lead_600d853f16b8fcab,0.1704233833327816
lead_0b055deb05f97cee,0.9393447446639521
lead_2474e2be84ebbdb2,0.5093785918474737
lead_55d682e0cbef4c7c,0.233502681712764
lead_9164b9c9ad3a19fe,0.26348350332946135
lead_c1405b3c8be7f809,0.12020239798799094
lead_9d404cc25ddf73f1,0.9083589856213087
lead_b045b9c9acc0d27b,0.3954711052565296
lead_da1b519d5254b0ea,0.1194045727460139
lead_69e35cc07aa4c1e0,0.09323950241441754
lead_239d1302dbf46e98,0.10419984060269687
lead_a90695402b06e81d,0.10714578367983896
lead_a1ea3420f770d17c,0.5720301962833331
lead_51ccc37ec189a1c9,0.3046488987190328
lead_de20622247e5ac6c,0.25234999928625623
lead_8ce07e8e88a1a9fb,0.8594643364416631
lead_888e8c5c51f41c54,0.23691172603191
lead_1d2205afa1acd9de,0.2864090342709415
lead_3bc7917039731026,0.2579221327347409
lead_a763af4b943affa8,0.48358606116444447
lead_531d427c123212b7,0.6991763451730888
lead_6f5ac124e84e487c,0.3763727394954541
lead_5329920ae6836070,0.4286778906938075
lead_3512d645d14afe7c,0.05014571220979369
lead_9bb5f9ec3f3ac6de,0.1276349350722131
lead_c75c5683ce43edf9,0.08685350231983684
lead_83f427da3c378400,0.20828996125305274
lead_f92fb0b35d4c14ae,0.1283093046525213
lead_4cdb19cfe203dc54,0.5979646206925937
lead_e93eba838af3c7e0,0.409434018154948
lead_bfd467881f64aa10,0.38386385491443886
lead_4a84f91cf15e4b69,0.24565863333075202
lead_6ca2a140f447299f,0.4476621568556087
lead_3c4f82e71c4c785e,0.10325967852679874
lead_79f65b98ac96eb9d,0.1130180873216654
lead_6408ced770af72ee,0.9936711842715459
lead_1989d0a6ce0b5087,0.48244343304313303
lead_5b1f00c2d81f150f,0.522633957958611
lead_ff33058bfc4f6853,0.18944087930414966
lead_f47d1c498c8c1b56,0.23086373844114297
lead_7147feee40bcaecd,0.11266171898900453
lead_1de58db41b7fc89b,0.2766983409487299
lead_4116b9f308d0398f,0.2064817752284133
lead_36d559eebdd33d0f,0.4850993528651742
lead_a3dfe13f7407731f,0.3667964852116569
lead_04610f8907482223,0.5319740532834535
lead_2fbf2ae829b0d13f,0.13475253552440147
lead_4a22f350963fabab,0.13993800080471744
lead_fc13ef807e22ce3c,0.27301395920622634
lead_bb2ddeca4bb1dd22,0.14425711331924626
lead_13e7d1ed1dc7a07f,0.16845154519231997
lead_e0ea5db30c88eeb9,0.4820626461555175
lead_96ea33b65feef509,0.07422740605087517
lead_857767f5d1fc8339,0.8703887901631754
lead_574f5428edfe20d2,0.5419961698372956
lead_3c0bb6e0166213ac,0.19907646085015207
lead_629163dbaa722c3f,0.15181295624105998
lead_9728f3b8dc9fa237,0.26639802184528427
lead_f0ce650950fd8927,0.5431709327765321
lead_77145e644f05a623,0.6584689802827106
lead_70665ccfa78be7fc,0.7359690641819178
lead_221131a36229865d,0.2998400974039353
lead_5dd823fa354a1d86,0.9598861987451804
lead_28351c68a6da624e,0.23640253031401037
lead_bfba5974416d7651,0.42187103055746666
lead_825a40374f013769,0.22963253580767032
lead_989a25f91b7f1477,0.5444076173470399
lead_3e9dceb76b6c3fc3,0.3830418185433529
lead_fcae1b66a6ffdeb0,0.24058322557247172
lead_62a9e7f8ffc7ca53,0.20229075332608323
lead_bebce632e005efdb,0.5477258710914236
lead_6df10945d788a463,0.26689200329743046
lead_9b9a413752ea69f1,0.7304092440085909
lead_3699cdd94b894303,0.1848127780077038
lead_64d4c805f3cf6edd,0.11370640843911699
lead_71a2cb0fd04c3013,0.3423343508610208
lead_0c1552c34ba227e5,0.3885570534868303
lead_cb598e9698344593,0.4622256421817843
lead_75a8bfd0acb181b1,0.3922318770897417
lead_20e6892ff5695d49,0.12225639281226425
lead_16ed7e4d2dc413f4,0.6013150702992954
lead_164027450a906a4d,0.2767017157565735
lead_ef30b747a184f8a0,0.21010765001341383
lead_8c594277a6db31ad,0.12075171666164149
lead_7e2f1b6bab41f7e3,0.31962079287571793
lead_cf240e8531f7c59d,0.47309767032768363
lead_b3ffcaec2b4ee57f,0.17074736770760834
lead_3142f6d05236206a,0.14619964261341137
lead_ead8f43926da8cc0,0.12559194329666337
lead_9419721b9ed3389c,0.8145712386289213
lead_229b8e1c850c1493,0.168878807894825
lead_3b681784bdffb592,0.44866156522311607
lead_0f47dec190644730,0.8298610187915556
lead_8a45e78cafe3b21b,0.4391623833307396
lead_99f5821ee2ae4ebb,0.2745134006227689
lead_d25602d5fcad854a,0.129697507642199
lead_40a49df2b189070b,0.1201493599698399
lead_497e817f6351d9fd,0.4925551288453384
lead_db38dc6956e2e900,0.09362826684117803
lead_5a4d6202671071fd,0.07768306144699423
lead_c42be2aee4a3c58d,0.40012124461684023
lead_d41e210c061e7d5e,0.027444848289387955
lead_cd2fb22539830670,0.015196013187499755
lead_b6365e9efbefe152,0.8567813564174428
lead_cac5924817046ac4,0.17961733973358107
lead_9be4bcd9a0678715,0.19776726471356312
lead_2c926de0443e11c6,0.7030186648197958
lead_cadcadeccd855d5e,0.4646188827114626
lead_53b9df5b9a018fd5,0.7770643762421939
lead_d745db605d50bcf8,0.16804577198165452
lead_df231936d1dcdf02,0.8478611794912815
lead_9e00bdb3be4c76d1,0.5754640575455391
lead_e5eae4eb040ab4c9,0.8154689195020245
lead_9f68c3beb3bbe539,0.8584671273352575
lead_86cbbfb8bb58cb90,0.6895529362903741
lead_eb57c2f717ca5e69,0.23820395516121273
lead_9a52f28852a73ba9,0.5178251791810841
lead_8999b993532a66f7,0.43829345695750166
lead_87d696dd55d2c1e4,0.9221621632829371
lead_1a4cb67cf2fc3934,0.20208138839848713
lead_49efcc6509c84faa,0.6576845671860967
lead_3a7342dc7bcd0551,0.24171076501246624
lead_4f729897315d9fbd,0.0766754005469243
lead_1eb5a90c6bb22856,0.8771304146618543
lead_769ec890ddd49e31,0.2825284817905727
lead_53ac212ff8e8cfab,0.5162782383200343
lead_a2ef16effa8a4023,0.12586106307318798
lead_187d9bf7d083be49,0.5672664552405836
lead_ee9cbe0c253c5d75,0.9865352905688755
lead_052f88f7390f5e4e,0.278307999209731
lead_20c3f35f8e994aa6,0.4461268906694921
lead_a755bf7ba2948d3c,0.5047511188923893
lead_8cb4fa8eb3d0cb6b,0.23655608128948344
lead_fa66320103470933,0.41438893790234843
lead_8c13039f27df8948,0.19238404642161533
lead_aaa62c02c09056f5,0.041321378211948284
lead_ab485b28fdfb50b0,0.5747757124222376
lead_1e388a6a63f7a81f,0.48200055036858963
lead_7a41f6e333f7a896,0.1318961441655983
lead_e4dac2f8533f5501,0.18770616495513118
lead_4bd436e897fbbddd,0.12822488631179177
lead_b1e959be812f0c4e,0.1193109615014804
lead_c05751a22707c96e,0.7884818249550843
lead_3314bac177200ed7,0.14649157667660068
lead_02036b3deaeefcea,0.08555485688680765
lead_79cd4ae97ee42c6a,0.35041068121572744
lead_7d862af7760f1481,0.2671515040579221
lead_93d986f1762cc15e,0.9767647540772274
lead_9079fdc28210a92d,0.21314060956424397
lead_5a27339c2c7b2715,0.207623048530578
lead_2d59ebf517e5dd58,0.17345065633701107
lead_1c709c397c8ab781,0.1758967653929603
lead_7c97da1cb908eb78,0.09383458099981089
lead_85bfb8ec78d82b13,0.39884427659983496
lead_d80ce8cd30d3db85,0.23333736273308348
lead_76ca4b556c75bcab,0.18790153621586322
lead_6f0916d4b62595e8,0.9458455037666251
lead_ab5c7d1331c626a0,0.11470432176828621
lead_21b2925885ef44ea,0.6019621782931234
lead_249e020899f95592,0.11901487764532225
lead_e190f5b4d496ec14,0.33392686514447817
lead_c7e9e9467e059730,0.199410846706789
lead_618d1720f1e21fb3,0.6874215847549379
lead_873115076b02ee78,0.34053724771932536
lead_94978c726e4edb71,0.16728076426512617
lead_62009ac584ca516c,0.11568110493779267
lead_30187169321127b2,0.25774091793439274
lead_ff68dab58b2bf1f4,0.4545098279438556
lead_8970b00b77b9be8d,0.16389710195652682
lead_4302f20f739bc182,0.19497520321320871
lead_2babd8783e498a3a,0.30288450378984383
lead_ae0d437b8d55e138,0.19020680186234062
lead_f9b5dd02313c6fb6,0.30163802023669717
lead_cf0e804c4e7896aa,0.11878824778673631
lead_0bf23e9871ed2f91,0.23860153860033528
lead_dc304b85b2ec56ed,0.17079593636793403
lead_21dc33cc191835d2,0.42516188708851227
lead_f8830d28325ba1f6,0.14391205329130444
lead_249f0e3833b5de59,0.37734986952348387
lead_0e2f4066080e4cdc,0.20023828275923825
lead_425e5bca3b61478b,0.10541175927330482
lead_cc387440be6d812d,0.21919511455625618
lead_7ec094fc07ee37e9,0.4565501758392741
lead_d655c31dce72060f,0.10906697089292357
lead_1641f70d3e1ec75d,0.21819148328772706
lead_3053647fad43fba5,0.46832304019978693
lead_973ae7d4d5b6e2c9,0.07286822218398809
lead_c2ad73696ffc7207,0.3726111552729683
lead_67961006ea62c0f3,0.08934760364832728
lead_6b9087636f452d1a,0.662309552451693
lead_43e040e61b4ea6d4,0.5844488561845899
lead_fb3b495af160c928,0.5846230980226955
lead_1aee5ad1e6dc3a2b,0.562015495186739
lead_c45fa0200a9f6bd1,0.43491630453015856
lead_ffcf6b2a0d33ac93,0.5050469776767648
lead_b41e5def5df282ed,0.18240539833075264
lead_7bfe06a0e82a2225,0.061809051657525926
lead_9dcfeff24e745401,0.9213655959906801
lead_5286d6c3695b10cb,0.3955139067344475
lead_04197d64e3706ec8,0.6108663764867472
lead_423d417c35d599c2,0.15772155840086
lead_0e4d3863e0544f52,0.13105662091077777
lead_fcc4f0ccc5e76061,0.2471861099781317
lead_a29f1c8198eb7c65,0.6066215067052075
lead_fa0f424064c1025b,0.5084186355154607
lead_b13c16b7faea3995,0.25204869713692174
lead_c2f74c9d96a26d53,0.3768560837306099
lead_19411bd8adf6159f,0.4735649363780929
lead_763a768c4795b636,0.16392014470134406
lead_78610929ccbc6741,0.6518341515177146
lead_f701d538dbcb72ca,0.35340824071693694
lead_c6b01d44dd2eb805,0.12986725498329305
lead_920cf673971bfe6c,0.3471188569649368
lead_aa6147fbc477d706,0.7257425103813429
lead_6d097c1411f937a1,0.26802983475739633
lead_a6e395516f60ebb9,0.42071761013781916
lead_22efba19947c53ff,0.2968160987137191
lead_7b839553d778b58f,0.084632131107363
lead_70261b25aa7c6728,0.8590656720204146
lead_f1b9bb7d514a958e,0.4745171233181637
lead_b757c64f07d0ec36,0.49964979084604116
lead_9b0327863bde3376,0.703102726727618
lead_5b1e0f78f55668ed,0.1826767459718379
lead_07f93039867b5b31,0.6837196827654078
lead_e3ece56b37a17fe9,0.4422935376708872
lead_843a67fde60ca6ab,0.2610200574928837
lead_0a0d4e0e0dfa888c,0.042113772112825666
lead_afa70c3ac51a7f87,0.19173469585613775
lead_e72a67c074237a46,0.7039606219691582
lead_3feb3913729daeff,0.6465837962603347
lead_cade803b338e9562,0.5319618724403817
lead_194acb00b997976a,0.5728602075049992
lead_44f9ecd19361f5b6,0.2076751568187841
lead_8feb26d379771748,0.13227303520332787
lead_46148ea5fb40cc94,0.5219404531586496
lead_5055454cfd5c15f0,0.8324693796832756
lead_206bb21603282306,0.6081984482224169
lead_324259d46a7e5a2f,0.6209038107410122
lead_610595a0db37ce69,0.3571625077920764
lead_a30e74d32de8e9fc,0.63775920967688
lead_5a3f2e8bfcc28ea3,0.9223989012357751
lead_496ce87f80fc838f,0.32261577724607093
lead_10d71ba3106d2945,0.08063269354474566
lead_86c2ef9a619020a1,0.3951979584319038
lead_53f669fd0080cf63,0.2842352369525723
lead_6040412bd2a1f357,0.346110977392428
lead_eace70e06ebc0549,0.3029972412680968
lead_218af9a258dcb20f,0.26968902793180266
lead_33d1e1267a049a6b,0.22632429282036112
lead_2ce6119d7c41f300,0.35846648394061087
lead_924edd2e50b91038,0.48972920865964925
lead_4ed9840ae42c5f5a,0.12785944441379868
lead_a0bd434a8c1abff8,0.1171715988957962
lead_66d383cd598d513d,0.4802991598240474
lead_2dd322e343836aed,0.21201755200616565
lead_da7e3e1ea4909769,0.11128557654309616
lead_f3cf0c4955e90081,0.4295555081156624
lead_c62e02c76058703c,0.23717297060930034
lead_d19a180facd79a69,0.23389515800737573
lead_a88b69dcadb33a08,0.6923583213768509
lead_35a84ec5e7ab309f,0.7612549985544281
lead_f980f8bcc6b68bdd,0.2444881032503464
lead_91ce78efd4182266,0.791391265678803
lead_16ad0517831453f8,0.40859148425091557
lead_94a11cd3dfa7d7e7,0.1159995472261751
lead_162c8860094611d5,0.40693508852556115
lead_ddd740e5b10db96b,0.2565952715096805
lead_95c692769438442a,0.4550738815995032
lead_5e6b9ea1b53ae908,0.23861313238716986
lead_e64af4566dacef17,0.4218195694876589
lead_b0ad3f52e1c8d73d,0.37773627915830915
lead_fd7dadee433266de,0.474754282146541
lead_c8c4150746d46dfd,0.35440199552125345
lead_7d28a5d7bf491d51,0.1842755267647966
lead_fef59b2580900ea3,0.2710123048279635
lead_dc00a4cdb0542360,0.5238379242879745
lead_e5bea77955171e71,0.14130626644079294
lead_b9ae1a561dd8be9f,0.1872688651930913
lead_d3d68be6306a6838,0.37205367719491095
lead_02d659513b3c5fc6,0.16350390964648318
lead_ae8f140355910d73,0.3564352740573357
lead_c92681e27ce6489a,0.835188808357244
lead_40d2e521d315e282,0.10186653620112972
lead_8f5d90e6368c9854,0.9335212771569124
lead_381490c28f3fb923,0.2751332540211576
lead_2f910765c6baa017,0.30017743009879094
lead_a517ce93daf4769f,0.3823879484980239
lead_dc8dae90428b9864,0.19217730413379938
lead_2455f4ac600d4747,0.34071576594036984
lead_512478016a065ff8,0.15559264142944296
lead_232d5f1c06bd8fc7,0.830981554507146
lead_6fcda3860933cb85,0.5422471121664248
lead_d182f5dd290c0c1d,0.5954469360439352
lead_09f6e001e31b9a0d,0.1921862553666087
lead_d2073aa4f7b6149a,0.2002748138354822
lead_a9e29fcab099a18f,0.39240909078092745
lead_8edbe66876fef0fe,0.09828044936519424
lead_371f6ccb49559d4c,0.30453483511798546
lead_34477dab6e4586ed,0.05433409429043662
lead_83583156ab71030b,0.10038720477803587
lead_daf9fbf74e823855,0.45583490549656697
lead_0ebde2daefd2f644,0.5521950670227916
lead_e035177fcc982c20,0.0535141435894757
lead_d04ae3bea6f42a4e,0.07898571274518049
lead_9b2f877c683ace1b,0.4974262141611278
lead_3812ba3a86e18b57,0.1611510019253856
lead_573930a9572fd6fb,0.0724971840067349
lead_8d3bc44888fd59cf,0.9488978841875072
lead_b01bbddeed32a111,0.11521138637120847
lead_e6c3c8dc08269247,0.078449234557795
lead_de00ca16885dcb99,0.2391515814411389
lead_4ad112f14c21aabe,0.5707518219862173
lead_7c9acce1fe00e793,0.2569373505695201
lead_5fb631302d0a5a86,0.15780599474773557
lead_6b7c1ad2f25f5717,0.8109739275703355
lead_f2e070c3f500bdc3,0.2692384811011399
lead_70ccad40f42172e7,0.4240813183020085
lead_71676682b7fa00c0,0.774134732887735
lead_a31d7a6a9acfdb37,0.09673542792191381
lead_8b63d44b50875c4c,0.10610278502679116
lead_5dce58ee5c8b0db7,0.3022828608519365
lead_ec3de3e843669dd0,0.6003250241481533
lead_6881973bd2f1ac8c,0.4736943144666301
lead_1fac035c44a5e3a8,0.30038484908961927
lead_222806e52215fd19,0.4535274182425108
lead_ce1bd4e11c147947,0.11896545056811343
lead_45c9004c526b68cc,0.12932776409128502
lead_de0e83c99884ac1a,0.28897351605717075
lead_60aa8261797c1915,0.8947973188049403
lead_1d45e068ee911692,0.2113557920548119
lead_737fe9d94edf0985,0.05690448800817725
lead_56cc2b551d9ac835,0.18235649953033395
lead_7a6f02fab1eed988,0.13204686367202503
lead_d889b5043ad568bf,0.225561433564451
lead_801867574abf6f34,0.2671128830157645
lead_3091310bebf6ea9a,0.7474880402806182
lead_763fa3c67876b35e,0.1330357475606654
lead_381503aa63f68c03,0.731441789937464
lead_9d98a0669608deef,0.7550589171892309
lead_f4acea9837b60b12,0.30955981649856606
lead_6a349eee629a0b76,0.19576084066885244
lead_f06a00b02b8ad5f1,0.6324456935217497
lead_9ea85a2b4b61a363,0.15235583414301804
lead_a5a636f0c6eb7580,0.09757911650500178
lead_6bb2c797448228ba,0.6827331172799583
lead_020d5b3ece396f09,0.08947440008673357
lead_8a005ca72be015d7,0.11691844657179744
lead_850aed4433315f9a,0.20892253786431356
lead_164c1cd63f8849b3,0.26333593781865333
lead_faa8c3cbc67f52a1,0.2142915010521056
lead_8e434f3c7e4ffd74,0.6017464393560266
lead_a785f57ba004a6a6,0.2724539245892513
lead_25c12994cf114c60,0.09857385301949756
lead_df91377248de21d4,0.48941280243482077
lead_ae3b677f47fcc50f,0.37507634728122213
lead_af143142255b8475,0.7200938645556656
lead_9cf51470a91cac49,0.03937339271578774
lead_0622c52a18d5e6f0,0.044930421259612864
lead_5311120f8689ea59,0.6146002940413863
lead_22d32234b29c6edd,0.24156838371859557
lead_b03a6a5906fd7f86,0.16603553376002186
lead_41cd2939696e6f01,0.133386354810239
lead_6579843f82fce6fd,0.7139942332578104
lead_e66b6101757e96b0,0.4437255689916144
lead_f0f230e55767916a,0.5544545843228249
lead_c050318f6333be5a,0.5135544846529286
lead_7f04497ff9ceba04,0.1763207029523429
lead_f0b9590cd49dbc55,0.0932580530470038
lead_fc7ba9c35824e102,0.4263446497942027
lead_a44378b11785472d,0.19224732706162637
lead_2cc67c23071593fc,0.7675087756107786
lead_19810fff0ebc2f5e,0.40518495212232614
lead_1a67919ce4ff46dd,0.8491895867034464
lead_7bb05fb335c4b6ca,0.1899625509241647
lead_161f4d1edf7e207a,0.07648923849146362
lead_f4ab08051690d528,0.22042722686117602
lead_c14597050fca723f,0.4427574032799742
lead_3d7e01e2548e845b,0.27407614581591366
lead_bc6b9af665ca4b06,0.18919081713336003
lead_5420fdf2363fa5a2,0.26289350025294317
lead_23750e1ed80c819a,0.9890079233252407
lead_4a64bad1a2c0261f,0.5962505833849958
lead_ebeddb5a9574378b,0.29865374458971217
lead_506d98f47091bf54,0.20177340919207284
lead_b92fee657244bb66,0.26090975203801414
lead_501b49d3a3f9c301,0.30633177883854995
lead_aba3f0938966b462,0.9920876062776266
lead_775c0fee4b6cf7d5,0.6726407826703723
lead_b56ddd88314d72fa,0.1402529217302041
lead_8da040d6a1c36c63,0.7580995430667752
lead_f089129760a3c560,0.6541912477594318
lead_3dc9b6bf577bf685,0.18794562246117796
lead_78248445f1109d9c,0.9570151044269336
lead_ce7c6b7c20183f4d,0.7557199228432107
lead_40dbb263c8033900,0.8597056537403472
lead_eb73eb7b5025801b,0.27059871789101736
lead_6d9611c079c0473f,0.8897701938012043
lead_5ad2c0fcca551374,0.15724699489356755
lead_4f2642e10389e9ad,0.22673651792292593
lead_def5d97326df5e8b,0.11436395068311288
lead_810905e26e0caf20,0.5229560173613798
lead_6c89173d3a22c091,0.21034452429333572
lead_ae257ced95648ffd,0.5471108768778975
lead_080e1a945825f2ed,0.3435982288503195
lead_fa8869959940c3e3,0.08012858146521369
lead_c09ef557060a7bb1,0.4455866748082338
lead_93837a4c1d6f1973,0.461804801057316
lead_38a055eea21713b8,0.6453892870863895
lead_aa3348b2e4726c1c,0.4223548992509853
lead_61f3775de9e5a459,0.04173984437111903
lead_4311e0aaa8226763,0.20727534733525746
lead_e68bcab50eb56493,0.1478595149131999
lead_e4fc8d2e73f9dc64,0.25730889913659244
lead_5a0cb1c3697d473f,0.14978418673897045
lead_24cabc4725d3b871,0.2338923488454034
lead_1011004d72f10d56,0.06851801614219809
lead_7b88fdaaf5a1c0aa,0.08330379536522246
lead_0c821231151da4ac,0.3820071368685998
lead_6a3efb0fa756438f,0.10951292946450564
lead_6d669cebccd533fa,0.9141451880191934
lead_488270d30d2ace67,0.1799716430319668
lead_a8afd82177e7da99,0.07518166235182014
lead_84b9b2aca5ec1f1e,0.17430608364952613
lead_3894ce875fe53662,0.13379688413951038
lead_fc32f2b764d06503,0.20050544946925122
lead_936837939c5a086a,0.127304040787851
lead_75fbf259fa475c19,0.37324163828033313
lead_d41ab9434f3e7ff5,0.37875255646236333
lead_19144474055aa01d,0.13899815989009792
lead_96902815d3f70348,0.29720695638889255
lead_31df0cf058c2c763,0.09864460359915268
lead_2de23e31243aef62,0.5191274480584854
lead_a5d373db65760e72,0.3304201158064605
lead_c3002527359733f4,0.2688795862795909
lead_1b1ae5b2e013fe5f,0.2096292238798154
lead_d32f268d217af5c5,0.2026435884820199
lead_b6cc65c096d81d75,0.49435189247597106
lead_1858b60925d420aa,0.115197728267653
lead_709f460be7068a14,0.9887275458850745
lead_71b59bfaf80b1fec,0.2629613975056256
lead_d0bdc19f81f466dd,0.15268555469383652
lead_a22093c1fc3b2168,0.29896513107247763
lead_b50b8cec7de37dd8,0.24602503196592937
lead_d18e7386303e985d,0.2038804767183907
lead_d74bbf820a35b0db,0.5708633125267538
lead_b5b58bd91550305b,0.6766352196082539
lead_610c0762281689c5,0.2832328740021083
lead_b0e433af924191a6,0.759451394723754
lead_deb67ee3d4d59ccc,0.6638891646134183
lead_24b5b0112be90c74,0.6493266192508427
lead_c05689099d901970,0.25849654840741787
lead_dde5df7bfe6dbb17,0.20534300729581365
lead_77e957e74948dc78,0.36442549165282484
lead_44a1a9d2107f73a6,0.19696548667666933
lead_cfb270d91b4914c3,0.9594500499713109
lead_fe7b3e825c80ff78,0.7019697479922652
lead_4978d395d79ab200,0.40414553050530905
lead_7597438404fa65e5,0.23430378896145462
lead_5a346bcdd85f0ce5,0.4053650909452801
lead_cca854f34277e6cb,0.30687334908728175
lead_9d51a94e996d128f,0.6879550898998513
lead_852ba1ddab4fb295,0.3518702946299587
lead_fc7b0327a472101b,0.27551207515484705
lead_2ee253873b72ab95,0.39451609228277823
lead_cdf59f4bd422de69,0.9650352449387386
lead_c1797965742f88cf,0.9611901816970548
lead_748aa576f9909d89,0.5724636553182885
lead_2de3f62ac07c1e35,0.1948195920668406
lead_0e7e6dac088c041b,0.6667201184337125
lead_d856443fbfa994c8,0.1931924165390019
lead_7b3b344500ecec97,0.3033360356470702
lead_1861bc915497ea19,0.4497043593943775
lead_84dd94e69746d4c7,0.11235725550415925
lead_d092d982789ddea7,0.9567625397460912
lead_0512253e3bfd2702,0.7553985121523779
lead_cc699eae9a9a8c27,0.23090324979884105
lead_7f1c6ff4d5308d05,0.9855997466539956
lead_4af660acaff6cd43,0.4678937123492586
lead_a0b14ad4198bfac3,0.400292280821064
lead_c5aa6608758b5294,0.3080393159731235
lead_8449de5e71d084ce,0.7849707428351507
lead_39c0f2e066191c07,0.08274787634684122
lead_254fbd41824c6f6f,0.151421466417386
lead_d6f889668ed3ae4a,0.8830492426559123
lead_90ccad7f0432a8b6,0.8920891384468962
lead_8a7a2736d20de1bc,0.24108028717882857
lead_3b8b092721c89ddb,0.1408197490137125
lead_8f338a1c503f224e,0.14277519041661477
lead_e9fb54b519d6dbab,0.40771898730326755
lead_d4d0f550f6c735aa,0.4020480611923531
lead_e2c78c10d5fe2f61,0.10707557934065655
lead_6218a9e09bed60ad,0.14660289610014657
lead_176e819318086628,0.20580069733132442
lead_a7dfc645a606c647,0.08566776452386358
lead_c560c09157ed21f7,0.5394125986921053
lead_44b064af2f00b928,0.678962651823432
lead_a924103579a2bc58,0.926998714077398
lead_2f2cdff67e9f9b39,0.3791513801124639
lead_b0dcc3821a9f9827,0.14688691533161177
lead_a3cb7acbd46ea179,0.6567421589714422
lead_25539e6ed2b27450,0.6385151645417976
lead_8dfada323777d897,0.4437417897869583
lead_d2b12c9dd2391ea9,0.7860329957211828
lead_9507dc1a62f78cd8,0.10010686693695041
lead_987f62f96b4aa460,0.1900443565547469
lead_0bb2fcb843276eec,0.3315042042352736
lead_12a9d3864011677b,0.20357852620279257
lead_26b97b4cb308bbbd,0.09553885248075995
lead_c5054f9074f404d3,0.16625197210952403
lead_dfa2132a53bc0388,0.34755572833767934
lead_276fd264da62f176,0.13639594989397205
lead_4039255266648a1a,0.3352951430185484
lead_7ad5f680534f84bb,0.3072558926149805
lead_2264def25c0c97bf,0.04677773796289977
lead_e1733a78769bf4e5,0.08032135246929036
lead_4dfd87890e035183,0.10433664136353733
lead_80294f88971d02c9,0.6853814241435742
lead_124cd83d44b0c3fe,0.5470319022479819
lead_65b5faec66d01590,0.24484644881116854
lead_ee15e79f7e9d2421,0.956803810991913
lead_1c12fba21183298c,0.14995792769971536
lead_c6e94264e93934b3,0.3821408421087147
lead_73cc595f9a5dcb28,0.444421414971576
lead_243624d203afba2f,0.2591203123447972
lead_68732187712f0cdb,0.09314475006979517
lead_1b3ef0912b821f7b,0.5600051366859682
lead_6bd651a33a0aeb3f,0.07673090036318897
lead_ff4cd6caf350bcdc,0.28608242644222365
lead_2bc77e17325a2713,0.8846248406457861
lead_6c100ac1cb8c8d98,0.5388341592649607
lead_d843360d9b4cb16f,0.3015097268133112
lead_2ce730aaf67bf8df,0.3972314989068437
lead_89e42e5a2cc8ebea,0.24929777530728794
lead_32a793e3314c60c0,0.05054228211035986
lead_2641dfb6dce92d4f,0.13603213049870524
lead_092843968e27199f,0.09367971621550047
lead_7d49d138a541e8c0,0.23244444312999127
lead_3482dd3defd7cbef,0.7015172709604364
lead_e783469fc03683d9,0.3265309831684425
lead_47df31a6d3446068,0.26615508523379044
lead_5fd38d8ae76177f8,0.2769565294849535
lead_c452cccc55f8e903,0.22404584269796088
lead_5d8af9a0b6f15717,0.28661281857460735
lead_10a97c64dfec7d55,0.1405231176960919
lead_8cc150555409d27c,0.9421117801966914
lead_3d3c6b13b014979e,0.1183127973840345
lead_5c2fbcf51a3a19fe,0.4721647862790282
lead_36e966675ecef0af,0.23156776102224938
lead_7fef2874e3d08fae,0.10747968172058642
lead_0bc2797b3d6c880c,0.15805411698460456
lead_d64b1cb9b27efc32,0.26789236930376265
lead_70efccc3787d2b51,0.05221780700894063
lead_0b397299b82c531e,0.6620118907633582
lead_5dfe454d680a986f,0.17759696529898314
lead_5c662871b44855e0,0.2142953985536565
lead_7d88d51a02c20912,0.16015240845182555
lead_b69f0db0bfb89629,0.2134065427158578
lead_3da6e13e1f0713de,0.7653728782699619
lead_2394bea13f3041cb,0.03805057193595727
lead_fd9d94e4ca9a36be,0.34695620856540926
lead_284e9bdbd0eaed78,0.5192676546977858
lead_4a3bb0f3bc1b32d0,0.20241070435052688
lead_6a95744aa1d5ea2c,0.1975336742251984
lead_ba1af32a18b2db8d,0.3714911164407511
lead_3f7026971cb897d3,0.27311359632486387
lead_55a97f07d6211800,0.6621405998767652
lead_4d203cf8d2418737,0.1422770379045476
lead_ccffa538f31507f9,0.17254685591029725
lead_515c254a52e14921,0.4157862226941856
lead_d0644d6e60368e61,0.38581454710390606
lead_ac597f6aec3d6f24,0.062455906725792876
lead_3b0eff7e253c70d3,0.7260185173268788
lead_1ecb2b023e326e47,0.28127048209972494
lead_5702bcc4ec7a5cfc,0.3894701565963585
lead_2f3ad2682668d232,0.8869025203774178
lead_3925fa35f151cc20,0.5138386258876774
lead_daaebdec601b4831,0.9233865852678047
lead_63bc86786d221f82,0.28565973640147474
lead_b33c33cd280aa854,0.35275178360220066
lead_216f9f000eee7836,0.6434934143632977
lead_ed3e1ffc21196f9b,0.07371606435990931
lead_c6320eba11d28a55,0.6070066189444202
lead_958573ca429f010d,0.12992483082068704
lead_9ad169aaf112ed4e,0.32909773469366804
lead_b5b0f4a4fc9ca6b9,0.3715792893476106
lead_ae342059e965deb8,0.09466365051734503
lead_d65957da2a43261e,0.08017299431206926
lead_a0ff7bbd40c50bec,0.545433594640053
lead_0592aeed9311eb84,0.04690033980189224
lead_f2e4cdef27b49e1b,0.04469393006017805
lead_1696d58bb8c72e02,0.11509834431208514
lead_c1c69128b8ea9ea1,0.09908344574784289
lead_145ffc9848bc4579,0.421140641033989
lead_c546664983cc5662,0.312624882932326
lead_ae171758a2ad39a1,0.3875768508405031
lead_98c760c413230d5f,0.33755942492766944
lead_27f9b315af6c1859,0.2342012291474187
lead_42a405f9567eafe3,0.20055690288433473
lead_06e41f2a8a070d2f,0.24457659304530374
lead_c7bf4bc85bc5a353,0.23312855969269597
lead_8a2641f5efe61674,0.24333127701587345
lead_a01e164de4b7e9cd,0.3572745162457238
lead_ef71607e31509c30,0.9685179803639995
lead_99aa20fbb5bca030,0.3371743306323614
lead_50734cdecb58eb71,0.7641194189570021
lead_1d7bb65aed14e414,0.15192289887616608
lead_abd74e7ab7d614f2,0.27225818008524066
lead_a41a907adf6e10f1,0.630278404841989
lead_e48559a464860795,0.8332230767298339
lead_b5eea88e7bf5517d,0.32452464912825035
lead_27c9e215893f3410,0.46369742274943926
lead_369e4ef4ea625972,0.37720623916339663
lead_2884b0deed2fa491,0.4212969599769729
lead_0135d39ed28ce01d,0.4621904448301104
lead_8a5c14ba7debc536,0.6717058158624324
lead_463030db1ce5c2be,0.30145875749526674
lead_864170073dfe062f,0.11908446102834154
lead_edf943de094a7e2d,0.09682323814136917
lead_548f475b42dd7f9e,0.2755230069298129
lead_73019887d4350755,0.492726515631104
lead_a8a99c4c231a37fe,0.2671265681621265
lead_d4fa38e50a700834,0.3084237243872396
lead_442ad66b19a3ef05,0.12397103109775276
lead_284da1db1347df93,0.08719574661050805
lead_0d398a605f9a193f,0.9194797821174547
lead_3e905557c07657e9,0.9712604045259735
lead_d7549d424730680e,0.31106125891727077
lead_aca9147074c6af9f,0.18504857728111893
lead_a6a1212617203fab,0.3490136839616562
lead_839f11a152a92838,0.3638498723628573
lead_6280b5ae4b5c271b,0.2646732460652457
lead_a719bfdf4313cde9,0.11675153566223322
lead_627909b92064cfba,0.8559283722168974
lead_81d44b6070f8a0a9,0.4607857016218844
lead_8fb5308258496b05,0.4097879499604431
lead_73886ad4a816a602,0.9402226558027071
lead_461a84916738c266,0.07570647845832627
lead_737b40fbec791695,0.24145671063385035
lead_7b6225ff81e112af,0.30971475496655154
lead_1506f69ab80d2834,0.40240605210971614
lead_c7874ee5bc04c4db,0.2450657544169279
lead_dd2a98033c7e679d,0.12330562941616523
lead_03f7fda2ad361232,0.15746786240832372
lead_add4c638822b54a9,0.12947424917765182
lead_91554e74accac488,0.5969568294911657
lead_0cbe1f6ced53594a,0.11639909212760309
lead_f52c9dc6dfc17f57,0.2716974135689951
lead_b3a4b978d50c4277,0.09458773464330573
lead_786f5e35c0389c61,0.5043783030381196
lead_5e48df3bd1089a83,0.3644129432839432
lead_3580761a1eb774f6,0.424775448309874
lead_5ba6315a020ad026,0.09491217385392277
lead_1a115278f34ba219,0.5163547498003996
lead_29bb3c68e81c8135,0.5144463813012419
lead_42ab9faa3025ef8b,0.2523263116114343
lead_59ab6994e01adf97,0.2478075974078345
lead_255311c41420210d,0.8145416769605172
lead_e37ff19bb2e13722,0.3989642450210647
lead_a2b3b94c3a52acd6,0.5140896547960345
lead_0931b8a5a750c3f8,0.06931029788180214
lead_bb7bffe23affddae,0.16072349477664982
lead_e91cd25b517a4d52,0.9501757065899272
lead_c25eaa5210171ab0,0.9271510847727337
lead_a0edd809f17fdb33,0.38411631227201504
lead_90f4855fc0571e0c,0.6089334053311485
lead_2ac25443154207bb,0.10608718544757122
lead_97063778490ab897,0.06017046253433143
lead_8c82c1a188385ee3,0.34249511123050963
lead_8ecedc9a4cf7f0ae,0.21362123744839215
lead_256ca953ea5b99ba,0.6605575475226994
lead_a60f79085ffb68a2,0.15025355001025956
lead_bb9f2265421e10b7,0.47517596430337905
lead_cc3e66f1fafa63be,0.9013040137804431
lead_bbcd82629472c40c,0.17182727469696293
lead_c5cd947cdc28f276,0.9169999923953256
lead_f0b048c8833a1525,0.15556911359241363
lead_61295294356d7e3b,0.3558650060914295
lead_38a1bb01592c2945,0.15154906308556623
lead_dcf2dafda86196ea,0.22715474359454194
lead_103cd1a11fb73cef,0.38755079074694687
lead_214ac16d242d6701,0.4519335702558394
lead_1411f1fc13cb855a,0.2947120051367975
lead_8cc544d230043625,0.4241861061405481
lead_f62973b9e0dedd24,0.2146706100080008
lead_7c7a43080e23d4b7,0.1929091018333178
lead_89df41b5106b1eea,0.09774163119780828
lead_37b00633e1feb997,0.42968523085754046
lead_0b6cf0b484c29c76,0.9759826918610951
lead_8ab9dfbad7ea6255,0.3570914102162466
lead_86fcc9ebc43cebd0,0.05896473269341857
lead_5da477adc32dc842,0.20802845884481458
lead_c2b72495fcfe84a0,0.395221755428975
lead_bbfb0f7f33f03070,0.7343406313461274
lead_6157255ac03dd53a,0.35933902551881935
lead_65d257a4fcfb246b,0.20992103017127536
lead_6e20512b914a140e,0.4837533867095482
lead_f4d6b726aef03ec1,0.9943333859246856
lead_b4ee7c63ce470369,0.2688941181500111
lead_d3731c35de8143e6,0.09794674936149572
lead_ea3c015a599be0f7,0.4292314935470812
lead_348600fbd92be8b1,0.697496806902874
lead_71ed8122189bdc8c,0.3259522250930579
lead_006e66dda896521d,0.17974898055765046
lead_627dfc8a3d806146,0.14198184223982538
lead_7a7f20cae3caf880,0.9110202155161137
lead_e0cfadcecd7756e6,0.13756557959316584
lead_38ee7218a27eeb34,0.591515323663125
lead_e0323c5ffae8c07b,0.21143000739570986
lead_17c3ce2fb0558502,0.20372655214764937
lead_d0361683ee60c876,0.3924304117505381
lead_1901fa6cfbbecc56,0.8280453306121403
lead_2da2d05e20df5ef8,0.0833718509045428
lead_34d89050f2d32483,0.10601292522494422
lead_d443de6fea229628,0.6205372035488274
lead_3482a56312012fc6,0.8762068918528779
lead_d57f34b5bd82ad16,0.31291615564162695
lead_461782d94f8c6d92,0.128957092489731
lead_9487e95284b53e7b,0.5325309255401062
lead_bde387978d8c3609,0.44567081099562805
lead_1ad238c7c27eb0b1,0.49419193206691187
lead_0c52a3143ec905f6,0.26643957151631864
lead_1c4e5f997cd9b12b,0.11630020840251117
lead_2830719465a261f4,0.8962700037138549
lead_30d52c686cc5f4c3,0.15756366957186227
lead_1cab9ec249d4ac1c,0.37344539190023524
lead_c7f5e51c666e4707,0.745063890727709
lead_4d7174a379b8a51e,0.5744281399298465
lead_cbe8c56eb78be204,0.2016043180727396
lead_111c6e5d51298255,0.26867028716155783
lead_b0e1335127943231,0.8137851901588942
lead_d1f2a7afdf4767f7,0.7848169639130139
lead_6620b4e66217a2e4,0.24416022552829694
lead_c0d6647bab4ed08d,0.1731016266326806
lead_de30bf284970099c,0.3285477016492399
lead_80b9119681c2067f,0.225808960432022
lead_e3b60a88457ae19d,0.07265040670705664
lead_92a3b11a3f36691d,0.6299357020560538
lead_11cea88c208ebfe6,0.4166787620127996
lead_d0f81bbfab88691e,0.27082402614460044
lead_9fe8785646442ac4,0.24557977172365755
lead_208ee2af7292fa56,0.40801074228345063
lead_d2634f6990753415,0.09514660162763576
lead_5e8b00ee258c8532,0.8578650426756785
lead_e9fbd13ef343cd1f,0.42173695423018015
lead_9f7dc03478d2e9d1,0.4447026018112186
lead_42134a6af26d7b55,0.21755337625832194
lead_5d890515a2bcec39,0.08366418415667225
lead_e4d7651dda1c57c6,0.4096554493332652
lead_673ab2061f0c38c9,0.9057853467708807
lead_3ad8d102f98ae15d,0.3310876492956319
lead_a7605aa4dd46fc63,0.5422029535577579
lead_3f0acd53a2c0c870,0.6475747296036739
lead_f95b76f55de6bad6,0.4383920341681266
lead_31046996961d7d74,0.06670251537409488
lead_c3fb9f741ba49ed6,0.32967860509005675
lead_9a5057ab0b74c734,0.11811833547627372
lead_599a715d95f7c28f,0.3242520441947913
lead_0c79a2476f19e6e8,0.2759615429345397
lead_34435fa596d40871,0.2227729387837052
lead_3336719c9ae95a74,0.1827347558036404
lead_c9ad772bab0f2175,0.18358277031798254
lead_58a031df5fe5cbd6,0.09757134808499812
lead_82856cc4997dfc00,0.8493257806795116
lead_8ff73c5be871b35c,0.6616370159460188
lead_1d1cb7c349e12a3d,0.10351500075455827
lead_77e2f60d4c98799a,0.2916254988477545
lead_9e9d0aaedc5db735,0.4017967924582659
lead_8785ab495c91ad82,0.10438701859540027
lead_3455dabb4a98dd1d,0.3647040025660766
lead_3671df7f99487aef,0.7975314748971511
lead_3a83927ad7986af4,0.2682336438997431
lead_3bcd45e9695d6276,0.5523916068501302
lead_ba9ea29a5e63dbe3,0.356216665426869
lead_1eb763d9932faa2d,0.2610763600438784
lead_38fa1929b7b1810d,0.3984975108449906
lead_96f90791f7da6819,0.31000550638801294
lead_0a6c2be36dc4e51c,0.12201285526397486
lead_fe1580025559675e,0.1429459254435535
lead_55fe5fa58eb4123d,0.3464454599642149
lead_3a42022ca168c9f8,0.5040649926398363
lead_094b60c1159b70d2,0.2637254360992978
lead_47adecbb888672a1,0.3131186323199273
lead_9e4747642b682e98,0.27743025813038286
lead_c4219e09f12b5501,0.3576351290552981
lead_57233cae303b4a4a,0.20641867999888988
lead_aa7ddf9c8b8e745f,0.13788133993749738
lead_cfab3474d500d49a,0.24915094769152935
lead_e62403d8efb707bd,0.5470831077806707
lead_e708c8016d668081,0.5340370865040209
lead_8c8327dec4d8b86b,0.6470896423566951
lead_bc1a5ee066fc7e2a,0.31555366627978004
lead_86b5c2b8b4471b1c,0.05942867641422045
lead_fbef364c3fbaee52,0.2244243016546715
lead_e999a02a447b1ef6,0.11582580529345106
lead_c3b8d115c280bf98,0.28218864361909873
lead_4165d26564d19911,0.3554422029547107
lead_b8d989fa3b436ed3,0.7916246603469692
lead_943ddefdbdbd817a,0.11116008390366879
lead_e26b4bf54c447414,0.11167371448822801
lead_1de9afa397c72232,0.2159581719117705
lead_d5e7d36152fb6581,0.20208293005697217
lead_1b0af5d40bf6e2a3,0.5174678132882187
lead_52b7fef8ef4e60d8,0.6903573978696455
lead_e2e142e4e11bdfb2,0.07031230515348298
lead_4612a2846e514433,0.646092522841457
lead_b43a571219e2a013,0.7542537952934413
lead_f4e20c0fa6e91360,0.8340330642744448
lead_db7c0ab17a5fb98e,0.10353677956112102
lead_703ab3160b67e9a2,0.3049938697246812
lead_07b6fc7377efe473,0.666332187153692
lead_784583b9d6b2a879,0.3188303932416159
lead_c964f8adcde0bfd3,0.28032204689052825
lead_0b59aca9f4ab41f0,0.7294332537209126
lead_d59c1f4234f1e5d3,0.8664297713338643
lead_b7187bdefb676473,0.13103208360540822
lead_e02ca9144c29743c,0.21392757160789833
lead_9ed1c40a0d64ccde,0.21352893536129125
lead_e5b6aef8c9da952d,0.0993269464317673
lead_aeb6792bd895bb29,0.49327093433524577
lead_0b04067b5af62ca6,0.4674789569356685
lead_6daff074b51fa377,0.05052481745868223
lead_653aaa7b167463e2,0.07459559170294258
lead_bc30c498b3176eb2,0.13378476211192303
lead_30ff325d08adf52f,0.7010553045259038
lead_a9d74e9907ded6a5,0.6856103877260528
lead_063856d9752fba6e,0.2766361039917449
lead_acd14e661e537d00,0.48355250471020933
lead_89d85293980a2280,0.20128550909585438
lead_f0c9027549203bb8,0.29316045326447476
lead_083eacb7ec282d48,0.06958800551648897
lead_91bbff6fa14c42d1,0.44030489541735945
lead_573bec79d720c748,0.5104636958075804
lead_81682c271a73fc23,0.1315691719152322
lead_8b52afcf3c78cbaf,0.1430242893594302
lead_73fafaf62ea39e80,0.2474609154648992
lead_5f9993fe6c84fa71,0.2332165588058368
lead_19ecb39fe70f0624,0.03678917671421419
lead_e35f714b2c26d2f3,0.31614203879419545
lead_7f6a9dd90ae48772,0.18428262056540634
lead_180511455cd19dd5,0.21552893205780696
lead_51d729697e0c20bf,0.4416719908510552
lead_e750337531cf90e0,0.043734117112380684
lead_81d1414e248d4803,0.7835897228708376
lead_bb57e540053e4e6c,0.3124920559405786
lead_a1386eb9d581d202,0.1501035971930407
lead_56916323e32148d5,0.09722877521180616
lead_46bfffbfaafcf26e,0.12271505212993301
lead_51bf254d6931d576,0.21380727542110908
lead_27663e504187f6df,0.7118125113164461
lead_fcfdba5372dff1ac,0.25839835861052646
lead_1beaae2a59e430bf,0.1917305880841517
lead_3ee90c2c5777cd23,0.3985591281183766
lead_f8dd488f315841de,0.057826667196506275
lead_0ea4a253245be27b,0.09073737232803836
lead_46166ab7d2ccdb69,0.11859177518691026
lead_2ed3268fe7a46c64,0.10113516435201418
lead_79f890e130c9ba95,0.3129279432599994
lead_b39cd87f96156f0c,0.41116007901422713
lead_2510b3aa8f1484c2,0.21845069047085267
lead_5c880c2ec6fb02ce,0.7167641418345904
lead_24408ceaa02e9dfd,0.3240484362181915
lead_ea61e13ff39a5198,0.9203508470808033
lead_d29258afbce72414,0.10171616538676072
lead_105200718982d753,0.17620170891544626
lead_dc99eb96ad81b821,0.3317691590368851
lead_fee22ef8b1933ee7,0.41944194559551623
lead_dc037a0ccaa92a1b,0.4633447139735738
lead_e55f3b62f44becd5,0.4998376929421287
lead_c45ad978790c0f6d,0.4110936362411211
lead_2dee99aee81dbe1d,0.0952699646014387
lead_20056a5fec5e3f93,0.26052722813064694
lead_7ac9bac0ba2ef78b,0.12791134114468963
lead_0e584fb1edfd8672,0.49189520142551535
lead_2104ec2fc994658f,0.23808445232876776
lead_a14a800a342af1cd,0.2764739806279202
lead_a7ccb61a01ea7d49,0.07096785169292402
lead_70c8a7fd4da5cb3c,0.5972223248473515
lead_d13f50f6ad546be4,0.032901944876835905
lead_338f2122fb57ec74,0.06246761527988034
lead_9c4fa5e0f9b13183,0.6413172267313733
lead_e5624aee5c2fa00a,0.3824979644719286
lead_aeff7118e75870ad,0.7389660259772932
lead_f62398944546a818,0.30349105208651384
lead_ddf0bdfff9fa41a4,0.27278645961905257
lead_17a90ca68dd19410,0.16089665828350985
lead_be00fe07968b77b1,0.3596502336280054
lead_f8428271cbb2c80e,0.06361900005749167
lead_74e47d4ae587f617,0.8187701706666335
lead_727616b7a8fc0516,0.03362091069336786
lead_3b27e4587d1cb64a,0.310915203047713
lead_0d329026ee9bc0ef,0.20290957545104907
lead_216b5a6afee68cd3,0.9081152977194238
lead_e8440591c5e1e2ac,0.4229184811786549
lead_65d9fd302e369808,0.14250034475856357
lead_b7e54d5211cdd8cc,0.41124319769180123
lead_2ccf495c84b21f17,0.8980998444386508
lead_e4421fa90ae82e4f,0.06635576644905906
lead_73cb600394c03a26,0.1068864711114043
lead_9d1f6902e26c7e18,0.5324927764140545
lead_c2bdcdb323e1bf74,0.8743786633350746
lead_2c4c954141203bab,0.3078892232861091
lead_61bf5bbd5dcb3c97,0.2592617098985085
lead_c7e5f1cc8f252da3,0.18350782232683457
lead_03f79fb947660d37,0.1506447183809045
lead_4e4b5a8185bb1677,0.31570253140364174
lead_790dd62469595bf5,0.20889370149360129
lead_bbb3532019e3f200,0.2497571261120819
lead_9080e77d9c403a5c,0.2465745739522461
lead_8ca600e8b8e899e8,0.9440780538135218
lead_3e3f9099297b4c24,0.2626206159320193
lead_56aa880c5f04f032,0.14666726833052282
lead_195a10cb059a700b,0.4642203283146376
lead_1ee77b55ca3e957d,0.7676092450051951
lead_96abb07304824f93,0.9150217812946831
lead_7f8f9bcd042b92e3,0.7396005878528431
lead_f3f2dfcd0aa91593,0.19914931967082752
lead_8e1a52d568b700b8,0.2625353655770545
lead_90b5ee78a68dc0f4,0.2686691395685418
lead_82e2a183c44dac29,0.14820838517339488
lead_1de4fc35440d9ca2,0.22633921777353672
lead_72779038a58bdc31,0.21345307290561968
lead_22d2d985a4f10d00,0.3863375056563487
lead_a5bbd47b10b73d4b,0.42571504309453495
lead_afec8323a70c92e7,0.38594441750348446
lead_c845b83059959083,0.21800293746633623
lead_1ff9553c352fb1d3,0.29180137169567666
lead_0f2389ae32ad01c5,0.4006194908736274
lead_c267e994010518b5,0.20198408281583824
lead_6ba9d74798bb3bd8,0.07107817798924625
lead_d7b5afbceaf1877f,0.31310489516596884
lead_7aa5f64d104667ea,0.7334051412913789
lead_efb0e0e77ff6c7f7,0.2588797935558078
lead_79203d959f8d0f69,0.5153821278613597
lead_a8a36c7868ecdcac,0.9773136260881797
lead_cc3c0a74225cc4cf,0.6686632076192853
lead_614d69dd7770dcf0,0.2522605371959153
lead_1dff83be5e83af9b,0.7045220684975696
lead_06e5ab9c0ed5563a,0.23302845121879182
lead_2dda0e3933d5f1fb,0.5316283810416325
lead_7e120d169ea27495,0.48412527529553434
lead_a7aa109849f84740,0.13460872313283143
lead_bc2621bcce6fb9a6,0.2381177811712959
lead_1061e2049ae0ae67,0.21840195011193106
lead_6df59346d835c336,0.5339468130355893
lead_575db062c81462f2,0.3208693238351951
lead_6aa40c0c17f58874,0.06213217152862083
lead_b7948fb7113ad672,0.30489674909888315
lead_84b119d91f4c4758,0.7985728732817731
lead_17e99fc6793ba21c,0.8400036243629986
lead_21f50f892c03feef,0.11655587480431912
lead_f59910c54ccec5db,0.022428322724792397
lead_d86d979d4a757a08,0.8945385931879447
lead_b03ef78a444322d5,0.16707435622427078
lead_e85a81dc39e848fa,0.13380298939676777
lead_91743d8830307ee2,0.34942000437706083
lead_51f4c033b2c8abae,0.14915899367019683
lead_0d63c031a0a986b8,0.33354458830018724
lead_05eb1c289d9a1ebd,0.14886550503458887
lead_a59dc2ca4621eedc,0.6839614526894792
lead_0c8270a7128156ce,0.13073951324565022
lead_e441783a143190a9,0.09319543649705553
lead_9729a0d44a4801fc,0.13299198838327295
lead_ab4897d31341469d,0.2654595139338156
lead_645a968b9e5b23e7,0.8875454530383989
lead_36875fd1b1b69676,0.13084464103697666
lead_f16e536e67f068e6,0.32380883698321566
lead_f0d1baf339c185ab,0.505365677683503
lead_c88b5c66f17c8fd4,0.42759055241472277
lead_80679fc9e2511c30,0.9335128383433481
lead_ef4f9923d7a9623c,0.33798305308381815
lead_a4cb94834b339dcf,0.40575083061880957
lead_159a5b4ad9fd0516,0.12397579893668231
lead_c9da79bf765e54d6,0.32323669567603747
lead_4001279138cc81fb,0.20017598211989296
lead_bb9b27973718d1dc,0.5176138733421739
lead_39826d725bb12eb0,0.3240991476334188
lead_99c00bc991da5c1e,0.06212078120098686
lead_929d229128e2dfb1,0.7104798478157038
lead_4a44b467c7c32e44,0.16190069138360016
lead_615baa3b17b5e9de,0.18391231930182164
lead_ab6f676e1fc963c3,0.8665166746538265
lead_91f4a52826c7cdc1,0.21105519546554516
lead_e01f208aa2532eec,0.2900089684429621
lead_b99be1472f40598a,0.04953963291606542
lead_ae575f8ca5f13274,0.3522229074332082
lead_e0d60f2307ea6019,0.721315128274445
lead_e4476fc46b05add1,0.10664232704323491
lead_47d385fd1cb9c390,0.4809284024883242
lead_6d9934afb546266e,0.6218453182219363
lead_866ad6a1d5ab4f41,0.07746644075102846
lead_8be780f499c97a53,0.1665932554987487
lead_7d0148555751b3b9,0.17037678996947356
lead_1ecf1682c5d13283,0.5005914259111742
lead_d44b1d31736b8381,0.11112844391324457
lead_cbb7cc82fd148cb9,0.12798252225418214
lead_54f358c4e01e7c50,0.7253685439934626
lead_b00042437dc3fb32,0.5479585050069556
lead_a261de1591384a0e,0.7041631896480949
lead_4290e4aa86b290b1,0.1737295407158401
lead_ccf0eb11dc209f8a,0.1950552249697691
lead_0ced6178eb61fba3,0.18873682637832045
lead_68f41fbf3e1d51dd,0.531998145495742
lead_3a369742f29a5b94,0.825122453305635
lead_1d50e51c95f17f4f,0.3130203022752728
lead_9ea3fe8963c1855e,0.3352361266540853
lead_58a20bfc181b6d7a,0.18534359192039207
lead_1607bdef2093616d,0.27670576868235847
lead_9f0fc6083a14edca,0.49653682579682923
lead_f22e869bbc301caf,0.902346897259983
lead_091eb6edc59ced62,0.2650404650177151
lead_3d6296fc130902ca,0.640949386879519
lead_2497aacbf4a6ab1c,0.8284001864528231
lead_463f19ca2b631979,0.42999343762736014
lead_9fa0f552ca9f9dc8,0.4049456566135505
lead_3a3c0271e5d16e18,0.6060512105261219
lead_1c5fc1bc6e812ac9,0.2579796278807798
lead_d42ff9e56f35bafb,0.2969320575377932
lead_29f815dde550ec6a,0.14310102140718817
lead_0875519975e77be2,0.16859406787284567
lead_e560a442b8369f6c,0.5277131291054037
lead_a291038321448848,0.02792816909582252
lead_3e68d3dfd1aa9dbd,0.15174517379365882
lead_0352969942885a37,0.2153263655560835
lead_1aedb6b1b4bd7c67,0.5274509419906184
lead_c2aa9c8763046c43,0.1847627856688013
lead_f83b6e9dba7eea3e,0.40038084759882464
lead_92cc51e6959b057a,0.508768018910517
lead_cb9c10576d71f8a7,0.42595654504085606
lead_2ea357f2416c0a00,0.21274945845841442
lead_3b7abc5627697a5f,0.28247061627747483
lead_d7e7b9cc5f882a83,0.39889082446308083
lead_9ca8ba63a6e9faea,0.06366825825118484
lead_ca8ca518dfb33501,0.2880402429677939
lead_8205cb2da5c37c93,0.10350745705329123
lead_fa9bfb98d64cd74c,0.1601351754568889
lead_1939ebe075f49dd2,0.12375035920883361
lead_e272cc866da09a74,0.06125883315039881
lead_1e877ac0d9e0322b,0.9781871631323159
lead_f52ea29c978a09ac,0.08106195879169505
lead_34e33b706439eea6,0.05533245062304656
lead_281c79322ed00674,0.11629670676034239
lead_d0de60b0ed614335,0.5446105690747037
lead_ae25c1e5696c3688,0.3458029415287878
lead_dd3224b60c7a0e65,0.12700199335463633
lead_d88eaf2eeb4da09c,0.37862531416725115
lead_56f883b1c0f3dfc0,0.12719869410494727
lead_24c65e2a3039a454,0.08964225144240233
lead_007d203903f23343,0.586566380967148
lead_1a4f46b649cefbc3,0.1131782416936295
lead_423f14b6a10d5bdf,0.22419425191514286
lead_4589cdb62ced9551,0.4225553917661374
lead_a4ebd99b083e7726,0.6301659273107721
lead_e783373906602b05,0.3225222046311725
lead_11d68e0ba965f032,0.12002275535913227
lead_d99d022e662e99d0,0.2962133381152768
lead_8b6cc8f30bad6334,0.048021746881519355
lead_f1106d8a5bdc7bcd,0.23648930237696134
lead_cec9e770fc15990d,0.20993042597756895
lead_77e93b7116045e87,0.5593740037560889
lead_bb7719f3b03db725,0.5289563157431597
lead_76d3c63cb5240e29,0.17239124878911546
lead_fd8ab6309b032efc,0.40827001194570195
lead_140aa5753b171c66,0.2597692013969946
lead_41b6e4591e3f73a7,0.5107344621863742
lead_c86cf39df9a0d5c5,0.7958521657604846
lead_cca171406dca1e18,0.1667729638520107
lead_bda4bd7b84c1583e,0.8796724593810069
lead_d0dceed884a18a0a,0.15810217065132687
lead_16bcdedcde89ad3e,0.7472770933717401
lead_5e03ec10d0d1f1d3,0.0738381001225829
lead_6580b07f54ec48e5,0.6681096295925126
lead_99339113c9a1e08e,0.26011529109633064
lead_eb3b4dccad02925e,0.7513099620141928
lead_b542e06e1e402b78,0.36568259441527234
lead_7dcf81d2f9dcf7aa,0.6230444796715939
lead_30703f30a4189d16,0.17536218972266523
lead_44f52c15ec8c5a01,0.16011447105593865
lead_6488c5402bf97a72,0.2483888963716907
lead_29ef7334a6409132,0.11654322477528761
lead_9494c8a639702c5b,0.4404418532963527
lead_e7bdcfd9b6d3845d,0.1372411937846227
lead_e2d7cffe7528550f,0.9072871999423073
lead_bd0ed5a783e617ba,0.7878295939845179
lead_adb1f20040ea5ec5,0.12399499361420797
lead_1c85fe1390eb0e4e,0.21703620620143782
lead_f61a652afc43b267,0.1701032944783816
lead_f6b1ccfd153b3c81,0.3252700256578329
lead_252debf3e8bf44cb,0.10716431450629404
lead_3dcff3f1f2d3374d,0.17839363934308725
lead_9e1cb3cf8f8958e3,0.5112978716856734
lead_5ba7b86964697646,0.6391864771228105
lead_0d6c78be085ac512,0.1586328634027037
lead_ff0a02b9bdd352ab,0.4378456569514028
lead_5adbc5e4341d4ce4,0.05118237349776277
lead_792e0509ebbdba97,0.17485553274252086
lead_79e8f06fbe91bb26,0.31153463194052833
lead_c7461753c62d7144,0.09039574535760338
lead_39c8c835e34876f6,0.4092029194564843
lead_5244e3996f90046a,0.366122858017121
lead_803f64b6e0e7c895,0.047867760747985995
lead_5506025783421822,0.5441343984716235
lead_8794d4c80416b4d9,0.26393270777302513
lead_bef2e5cac48cdaa4,0.465850799773128
lead_613b4efa6bd42500,0.3235355075426382
lead_e535cb71b51b7610,0.23408625818640513
lead_070af895066f1418,0.29929249972663086
lead_6ecca441c6da24e1,0.30675285606856156
lead_94105b9080adc2f0,0.23447685030831664
lead_15f4717e3c89d6a2,0.8455873521969733
lead_b98568072d922756,0.10987253287727543
lead_9515eaadd91c0d53,0.15509103554726647
lead_cd11361783e721b5,0.2517675749909298
lead_f4c94e1fa334dd1c,0.17934523594059792
lead_62b5938312633bb6,0.11207855326254924
lead_30f07b56c17a88a0,0.16424233978214217
lead_ceb4433503c83204,0.5497441664835723
lead_a41ea6f488bdb981,0.6043983740505986
lead_a8b71b6999d1a351,0.053272720636583226
lead_33bd282f661cca10,0.37913613758088077
lead_c54a288d07382723,0.6708069612943786
lead_07fabd235fc0c270,0.7774098183179579
lead_ff60071e31713283,0.43655697802098964
lead_1e5bdee757a61928,0.7357769086487668
lead_71bae7479faa0343,0.254695691544788
lead_07ad24340ac005eb,0.16056847053712828
lead_d83bf648eaf5409f,0.4202420192227214
lead_71013e4c61750671,0.05100649349372646
lead_62cb5f07d379b753,0.9401596958047586
lead_bd85b98fcf59b5a8,0.06697961466755796
lead_a085ecb298bbe832,0.20658022386965558
lead_a6c5ed26df8bf694,0.8139255414232286
lead_83af0a18efea624d,0.17018344643642855
lead_593d346cf9da2fb5,0.9047770119855398
lead_cbfc7750c7e3eb2a,0.8214453536105891
lead_c000651b81d0356c,0.35469899930826815
lead_6198df74bbf929df,0.14800607961579873
lead_70797b2d81eaf90a,0.31853747813887223
lead_bc9b64a81ed0e984,0.14872139730224604
lead_e7b00e44085e98df,0.644610362893047
lead_0de5346273f45a2a,0.20076698847862665
lead_f5543d7534de2995,0.32548019884376006
lead_186b681f5c0d578f,0.08735272042661307
lead_d5ac8aeb0a76dcb5,0.6156078462353675
lead_8c2d7e8e4dda99c0,0.09783545342883083
lead_5fd45963f5f06f5f,0.6678853514312043
lead_8a525940551433b6,0.26213727848471224
lead_0aece2ad3ef61a81,0.2094033802497444
lead_17e3dbeea3ec4b2d,0.1255100175602041
lead_ca8a8e112f3bc9e1,0.2783052880910999
lead_0513ca14c648f116,0.18514934881392686
lead_63a707b56f8b16b4,0.16856153922736736
lead_ec82d140fa391c4e,0.6591054385255407
lead_dca5ed9d02b65ea7,0.32706275037304183
lead_9470536b97d07329,0.3214018886147522
lead_b585d5113d6433d0,0.28347220222059916
lead_607b5aa896ef84a4,0.28768855398785237
lead_e0d1b60cc37a6c26,0.41654433199877944
lead_9e4472bcb0f2d81d,0.2651367709484465
lead_e7cfb9e53328d8d5,0.18101063994771974
lead_e4ac16d5d8c130c2,0.5311026806309366
lead_95c0f042c909438c,0.1025261179560849
lead_ad5e783031b0d26a,0.33929483115379827
lead_f5db2bc1263e21bd,0.05202210106138552
lead_858ebedd1cee68a6,0.5005087711067517
lead_94dadb8506c70bd5,0.7910351236608021
lead_20c5c8eedfacd34f,0.26519736945264105
lead_197ef98eca1ca20e,0.1791100382645322
lead_a773d87ca277ae23,0.3170620641221
lead_c5321061e56f6d3a,0.43822009460195027
lead_d00c05c19cf2a8bd,0.3695393458312088
lead_debd4d71e737e80d,0.12400914205071771
lead_9c4ac46f7a99f7d3,0.7014621997490004
lead_d6a8cc1038ddc2e7,0.23272597151443045
lead_60cb3289572571e6,0.10721778427853278
lead_7e3803ceace33692,0.5736195723822696
lead_6e44ff5762b1781a,0.22813034127361262
lead_ccbbf137a03569ce,0.313159284101188
lead_0132cec72bdb265a,0.13545137400109122
lead_90b9e572b07dbac1,0.21974765013039463
lead_9c8011628c73415a,0.4130758716560283
lead_84e869df04e4d200,0.03238338406918569
lead_d079abaf4e95a9a2,0.28776427270525146
lead_001640921e681fee,0.27236281337305995
lead_83317f6a21d7f544,0.33703003711621143
lead_fc41f525def604c2,0.3045292518084919
lead_54de3b09d36239f6,0.20632011256730576
lead_2cdfa61156a9c64d,0.13643748566262806
lead_98cf12734353eaf3,0.8160765515680657
lead_92092c30e5b28919,0.5132826941066108
lead_8240ca8590c3c445,0.7448167260579198
lead_73c81247a984c94d,0.5646752348876803
lead_b8a48c8183cbf664,0.18897859992376445
lead_5823b39006b0bb73,0.4293979676705124
lead_7ae5fb9da45bb04a,0.37715447561925425
lead_13041c546cb52000,0.29470407509798274
lead_77ed6bb344ee497a,0.3246721139958643
lead_862dff99dc5fe746,0.21976222222134603
lead_cfd1ece1a626383d,0.5002023931525964
lead_a2373495b7660de8,0.22863452595634226
lead_99f0d4269e4fd293,0.15640027142379329
lead_4a785009723357ab,0.2621932278192151
lead_dbfdd3caf6308a43,0.9905416781281895
lead_9502d294bd720ccd,0.9404332964297254
lead_abae869584e08dd1,0.1135825138159472
lead_ea0e15c2bf6b657c,0.15128648460081878
lead_2ce3bad214155688,0.24317115950812904
lead_6ab5daa3f355b713,0.29673308242368973
lead_6d13ba46a0cbf9e4,0.9821901231315923
lead_697e738cb3031645,0.44612058877978616
lead_2b03250f5879e4e9,0.08886835229148371
lead_5f538e5bfcc6eb6a,0.07345131493115502
lead_d3573006fb239d9a,0.6544797353357558
lead_ef48805eae721b4d,0.41566444638948047
lead_5a7e9d8a40cfd786,0.40971182140723644
lead_eddb529b7f4a6db3,0.3019756515145139
lead_26ce2efee6acc3f9,0.1648732814518027
lead_28e0b5fcea273fd2,0.6595575961198473
lead_f4399597d00cd543,0.1155831862657304
lead_9f2282f5a08b263c,0.8464030556812089
lead_0fcf81662f12e696,0.42976360326409635
lead_583609fc7707dab4,0.4841735565038037
lead_3b98a65519f35d44,0.14492562104552154
lead_acca2c34cc988e10,0.859108672449167
lead_63f2a95c26ca783d,0.047612968562490816
lead_0a35bcd91d0707ca,0.2803605770745759
lead_4f84923be54dc129,0.26950775387175696
lead_f92b6612ad6f64b0,0.47366998590440956
lead_84262162a83de102,0.12059896631079353
lead_dcdced375bc2ef7f,0.6159231830773255
lead_b05ec92702aa8b33,0.06363242085792227
lead_660215490d1e658c,0.4419642025929274
lead_a984ada8a14c8419,0.2676750840355906
lead_13994cb5aef78cb0,0.2943394911922137
lead_de6216454c68f08c,0.14947197087631672
lead_276e1e792b8b6f21,0.5442643084439672
lead_db0c349e9fa98431,0.4424794535653867
lead_a5a30b9bf47dcdc1,0.8686912474078871
lead_fbd2410eefb58ba6,0.13355611089045225
lead_92e4f9c395f67ec3,0.20373025030293734
lead_286178ec23f472fd,0.4321700668097956
lead_7ddaa285447e9e05,0.1363568018276087
lead_c8fc35858e231fa0,0.4083657953460067
lead_c0394147ee0904b6,0.07408568830535713
lead_def360e2211f1a7a,0.45810958275706404
lead_293b69a3acbb1980,0.1544300561374166
lead_11680b0b41c08404,0.12274248287142138
lead_321c1e171539f0e5,0.6434454292382884
lead_c7c5049a8e798dfe,0.7977324333218605
lead_5741809d50150a0a,0.07458999893634304
lead_ca5df61aa7cc8de1,0.32281208304010145
lead_38502f908e9e7c55,0.17324985510184435
lead_99eb3b4367f68c6d,0.2845157187421597
lead_926aad7312dc82f0,0.24151673842758367
lead_9093aa848c1fc683,0.4308610317244485
lead_b81dc7b56354954c,0.45375373159739846
lead_3402cb93909dc476,0.8450888906915325
lead_0a1eaeb025115af4,0.2937294468007216
lead_0586923090cff4a5,0.14189776715532537
lead_f8e807e380d5305e,0.27343090552125504
lead_ca9c864b15cdaf83,0.805525824089886
lead_9b677dfefe35fac3,0.21047931724255642
lead_a6333f9622888ef8,0.12433537419976069
lead_cd6608f93c9790d3,0.20180498627106147
lead_3824bf7a255bddc9,0.29456763865555374
lead_9b7a3b29eb2ffe17,0.362210794940291
lead_3288df3fc9bc0f9d,0.8818814763344444
lead_18f0ef92f32ef018,0.066384669439592
lead_7c17a4c138abdf83,0.4371848953493727
lead_368f71645bde5d9b,0.2093728000042978
lead_350ca4746f4193d5,0.16911243452534042
lead_1c91bfe12de8e06c,0.16371538270305674
lead_85a5f494827323a8,0.06889552955733884
lead_98fee4a7ac0562be,0.36255313797694305
lead_9e4c416c205e28fb,0.2602287416660008
lead_e6adde1fdb5b55c4,0.6144328403344036
lead_d8c73b66552a100d,0.14253065213236438
lead_3c47e58e59dbeb66,0.14725043394016696
lead_fa44efac971b3a7c,0.8518002358839841
lead_8bca1f4063e8f046,0.5714228430757958
lead_27d7d4e6c2752de8,0.303018863214131
lead_6d2677fd4a6cd057,0.22198348297611994
lead_95006c0d7b547cf3,0.3643104572765145
lead_29841956af428a7d,0.08442712218228089
lead_e26c7bbc5f84b924,0.6941477299066073
lead_c9db242309bfb685,0.24896893721955082
lead_87ae268dfa179aa2,0.1613621839082284
lead_4d2ec9a3a85de1fc,0.4147597595709372
lead_6ec8fe6198984146,0.9198851896156528
lead_36f3a4c22f83b606,0.5350385946291183
lead_64e03f7f8e3edce6,0.3722449995646395
lead_d452d4e9af1a8d36,0.7123051112601585
lead_4b834bc8180fd34a,0.19357665417395056
lead_5d165959ca38750d,0.7343386416581512
lead_fbc3cb88ce5babb7,0.18032989199278093
lead_bd36b441443c618f,0.09176989077810027
lead_fb3eedce9bcc2cbb,0.5177510926794825
lead_3415e698503bda36,0.15531490384553123
lead_d4f0937b1f59b6fe,0.04148408033601551
lead_8b7bdf5525971240,0.22816440588386722
lead_4b5090f30048c92e,0.29107089924897883
lead_8d88c74fd422e3ba,0.35195872240561427
lead_e59c017673a44c1d,0.43004643789733205
lead_fd3db363ea8d14f5,0.37110068836039956
lead_e2b665d629da4812,0.6749969556092581
lead_8b02c3173e1a5ae0,0.8098320362811388
lead_5f728aa415838ddf,0.26517162478335593
lead_948e581e2474cd3e,0.22462140084062324
lead_70a9b74845c3de37,0.06690784632765139
lead_a65f40ad75d08af5,0.18052437433630533
lead_342661005ca998b3,0.1409143311728667
lead_260098f4727c9b87,0.17040143091393023
lead_4d062aa1a145aa74,0.07570158518695032
lead_3d14f8978a3c0d0d,0.5955681123635083
lead_7a7d5e026c09182a,0.8119425056196251
lead_f48500e95b278876,0.08032929479053227
lead_00bb2406670b6c67,0.2186001149140382
lead_54a9987e2a8ef565,0.31647618074558975
lead_2c7c28f8a243dbd1,0.35655507158525496
lead_12f356b0994e5e77,0.5487126464226334
lead_2a959286903b5741,0.3716124002038194
lead_5ed995c62d54d3bf,0.11405280911494853
lead_66d932f92cdf6e34,0.12493774097313386
lead_88e32cffaf5bf600,0.35841311270819004
lead_2375eacf1bfbb035,0.18732236433926855
lead_19c1ff2bada70823,0.20803219442660625
lead_2f1c7a317283dc4e,0.22808814985183304
lead_85a9fe96d45afae6,0.13008449878253983
lead_800eefd5c6dee5e1,0.10208696833177006
lead_d7009f3d41b9ce44,0.5228217459628481
lead_60a289871c1a0de7,0.32957694228113893
lead_2e0462013ecfe4ca,0.4735416890364886
lead_9f997d24976db281,0.7616214312578826
lead_580f879c3b207e67,0.6320601138634363
lead_b3f1a7d9398c0355,0.30089196755973097
lead_585290bd733acd44,0.47016128676301205
lead_eb9fdd1d1cb3c601,0.39227262743646807
lead_b30e6196fa7e9e3d,0.2373651294458555
lead_3a11d0463f538a37,0.8872750499292605
lead_26c4c0dc763860b4,0.28081465935489525
lead_b60b69601c6d7a31,0.13301086329621328
lead_5de1b7375e7244e3,0.5048286966261395
lead_dc849155129d310a,0.388084301901271
lead_836abc766016eb8a,0.6816326208868045
lead_16b6cbbb09bfd4fe,0.6334615072780811
lead_08d695781d52413b,0.08921608571643593
lead_40c926f76b3d217e,0.9580039678559165
lead_b271d241b5a97817,0.39033487755882884
lead_8f40bf35c3eda353,0.47449486938118635
lead_ecf99d51b68168e9,0.4607996358506424
lead_6886ea8396fe6356,0.92946742909175
lead_24bbfae15f2aaa41,0.781164116892573
lead_220c83debc063118,0.07848211612240291
lead_c33c7eba001e10b1,0.6613056023548792
lead_136eca616814d0ce,0.38014848264324913
lead_5a53601c4e5222dc,0.11262128661334253
lead_fa7ded150bceeebb,0.06779670710791082
lead_3de7dc39f160d292,0.06009364516387625
lead_f3fd089a60ec58a9,0.23151093732137784
lead_5301d5e804679ba0,0.058472372202112495
lead_8900668822776db1,0.10187584517082467
lead_fbecc87dfbe32c2b,0.347881900833614
lead_54a5b923436989c8,0.1934611170522875
lead_6e65d65714fc9ae8,0.10680923724042972
lead_745d153a9b7bbed8,0.25177319225371386
lead_fe0819ed1f175b6c,0.5956575640045595
lead_ccbd7ad65dde23ef,0.3739617155432043
lead_5afe0beff075ae7b,0.747857447374368
lead_6535e063293bbf0d,0.12186180388616336
lead_398541d9e534872c,0.12536716123732586
lead_653a7cc8a64dce34,0.7828857460453444
lead_5b5799b3a71e2341,0.05344616506898834
lead_323dce26051d674b,0.21407494125563398
lead_111aeb88aea12389,0.4309822969798213
lead_2e1c5b2b09005770,0.3519958518058071
lead_eab07f2afd439171,0.6691253618034866
lead_778387980d9b706e,0.24540666651634102
lead_843a8a5b5516d0fd,0.9308054360729275
lead_1646a3c5f534f8f1,0.09146799701148906
lead_29829689999fe661,0.1156778686722814
lead_71bfc6d9f12ec85c,0.19696775990234336
lead_6556bbe986e58f8d,0.2632670232606999
lead_dfecd6bae9c8f231,0.10815658958264081
lead_823c1d171fdd88de,0.20778308849163288
lead_5405f4423bf77fe9,0.3114820261882441
lead_4398fd2031a67c5b,0.41544352766931936
lead_6b2cf31b5a2cee3b,0.5340164324515263
lead_a0c82ae82a20918d,0.10234792196088743
lead_88854ecf898faaee,0.256991085480459
lead_3e4370232a114214,0.21157210422732745
lead_09c4a9e825c548e9,0.0385932093048662
lead_2253a17071d67185,0.15125486657912118
lead_5caa578870a19d91,0.4645601370820931
lead_d50c55b3aa31045d,0.11995590178065553
lead_f60ccbafeab0cd1f,0.256730952635219
lead_a43a60cac62d7d63,0.2326037016677889
lead_68ac1044e9456cd8,0.44192602145789844
lead_cba01c4b05dca86d,0.2745464478186426
lead_2b3df2e68753bcf6,0.10312622431027656
lead_e7433c16649e417e,0.22511155205907185
lead_edfc5e807a07be6b,0.7221421836347934
lead_3a569c7bcead3d32,0.9561418669872918
lead_4d66dbfe6fbe61d8,0.12946824400757573
lead_981ec5085d6ac39f,0.26920113949047936
lead_97ec7a180bd8ff7e,0.6425742930644077
lead_d9f23c3c2b9c5d00,0.14206706061467658
lead_38b276b164b8c60a,0.46292426308934315
lead_0d22d955aef6f597,0.1768005006805585
lead_072495f7c5b9f2c2,0.07842538218265199
lead_203cf81a4d389cd8,0.2043983004832772
lead_e16f3702bb0cca91,0.3443366336114328
lead_943dae6b864b709f,0.2177667146283231
lead_a82912ba879eaf70,0.8249247535124895
lead_d31d61ffc5d3aa8c,0.27913608899407555
lead_bb996feda00fe14d,0.15607576928744396
lead_36fe445d8b7ffc4e,0.1885510107629614
lead_b104ffcbd72cfed5,0.2580251231016248
lead_0f5034a508f7485d,0.9559519253345506
lead_371eb3f3adf7b2ba,0.13629946993411937
lead_5e40160d286c0850,0.0964945782985353
lead_375a6304ff4047bb,0.9188371454216687
lead_b20294c00acebf68,0.8353697154050224
lead_81380806dc90d87c,0.9069003985284718
lead_5aaa9df9feddfe0b,0.1628633850633842
lead_6c75658ec99f7d50,0.3012660446216286
lead_9301c1cce59ede61,0.08785569704445965
lead_c552ac908c94f5dc,0.23908375163608264
lead_0ba37a61573e7413,0.05515116900754168
lead_e35f126493ab1333,0.2474993915717207
lead_18310cbed34b5a60,0.7133565936828421
lead_e756406ae334c0dc,0.6089783769396171
lead_3714b5930638aee1,0.2551242270278344
lead_16040932bce85f4f,0.8820477704909688
lead_a6a18ca9e66247ac,0.5449774749839956
lead_28ef28f3731171cd,0.9801248110528823
lead_24a72efe04bdae56,0.7571971018897687
lead_17a2bf7b3ac56b8b,0.7153924281749213
lead_7bea9e667a5127b2,0.31165935593299093
lead_25c6d0c265f1960f,0.8561762531285041
lead_9ac6e74d6abc6d25,0.6088790235739864
lead_7e2f02d7f6f3e1fe,0.24118226038763335
lead_393b559c7caf3c0b,0.7372673468393677
lead_3fbbce0a56ce7f13,0.11134346729676925
lead_06476de19fd4c666,0.1729268570953911
lead_002da60586f01890,0.1941945535769356
lead_aaf687a09bf223bc,0.1300721189831515
lead_601b39d45ae6a090,0.13732317514409878
lead_bb34771926eba75f,0.07327522622512445
lead_2e9e6ed9e98cd3e9,0.47516691893503243
lead_a1e0c1264dc6be52,0.09755683752116344
lead_f28a2f9839c3f697,0.12707298303114095
lead_d15a8b722c2657bc,0.3280818004322101
lead_e6aa4d35a4553159,0.03415665378774025
lead_c0d0ff0d38a3bd9e,0.12453030860421294
lead_c1f90dcc28ef15f6,0.0832304686457015
lead_c25f67e7ad6d7f84,0.836294864690034
lead_c3b8882e17a92f0d,0.289513947732604
lead_bb7e4a714c7388ba,0.9459955537193055
lead_1a2e123a31fbbfe3,0.08966534355894511
lead_3303ab21cc103835,0.13858415112911324
lead_e80863738e33881e,0.4559475062030507
lead_94e8b3958dca0eaf,0.3069164833053377
lead_4ac75d07601dedd7,0.031451705198734276
lead_890b00e422ec5b9a,0.12687330373463454
lead_69ed8b6fe8b4b515,0.13081710046156328
lead_2f7ffb87530a2588,0.7315946975297551
lead_c728bf1b6b588904,0.1736887705065384
lead_852bfac8bdade7ce,0.22527255202635066
lead_88d548675243837b,0.5350561706226041
lead_55ae3e6f3384edb4,0.9524670547419137
lead_f8e2a044e48d3f60,0.31549441382199306
lead_e18f395793701bdd,0.3492679592489643
lead_574ed42bb817028c,0.5121815491724685
lead_b2d7dc2cc56ead38,0.32019578056760095
lead_d239b2f851e80876,0.12694355279329736
lead_a44dc99359311228,0.26545585339372285
lead_6bb63fd465f244a3,0.496830191100526
lead_f6648686fb169a34,0.05050391427329932
lead_e5ded7126e1a9bbc,0.33290759689315125
lead_7c3a11816d90416b,0.2803598440864316
lead_ab0dcc3abeb2d303,0.13646179418504262
lead_29c5b3f3a48939de,0.03375674964828481
lead_5246e16892d7fda1,0.40556723517054644
lead_a66059e1312da472,0.29667359660246634
lead_e4a4530b159a0ae4,0.11997093149781705
lead_89dbc5543432e682,0.75834283707799
lead_e4f6ba832cb73113,0.6768141614198416
lead_9c201400a15badd8,0.1777258576045758
lead_2e923dabfae06a17,0.05067923234474086
lead_2484d06c4fa2672b,0.13516165498776753
lead_c0f4e888f49dd1fc,0.2719606584838913
lead_f7ec97f27f63503e,0.21218590318933905
lead_4599f639ee28cdfb,0.7294717654768917
lead_68e871dfff2566ea,0.9713368857945825
lead_a0cd56f4de6d08e3,0.46932150872941186
lead_e90a8ce489497d07,0.2699568615803612
lead_c21241d401af61f7,0.8467057902490214
lead_abfd572de917a1dc,0.14879018897662796
lead_1fc4a12232aa17a0,0.10994900061094563
lead_90b36201df8c9da7,0.30163717183906197
lead_91ea81fe0bb5bb47,0.6571447033453435
lead_941fde4cc7f80ba0,0.05506672052535971
lead_49a7063e1b163012,0.13491851510294087
lead_ee9f74ebdc177a12,0.1968415195020964
lead_31b602a08f348e82,0.28247052805040934
lead_55b0b1e6d211a626,0.9467453181522076
lead_fa08272dad75ef94,0.09594218434889278
lead_0c5860e06544250f,0.240630052174976
lead_6acff9c7e7bd27c3,0.13734197742892149
lead_c549f69067a4d89c,0.5353502675774444
lead_b915ba15266b8609,0.05854204594625297
lead_0db5444e9153ac6a,0.6211767993175176
lead_6337cb96200a17e7,0.13759885395332389
lead_0b8a053a182248cb,0.3973096066906199
lead_c23c97d4c87a8ac3,0.5306391419088479
lead_befa51195faa5766,0.25866401237919295
lead_ae8ddeaf38069e5b,0.3748421870100101
lead_718e1f64fe97b6a4,0.38080513657290416
lead_a19417c7036b3993,0.5105453306192204
lead_a837b1a94d362d92,0.3180472277757538
lead_b30eea00922c6bed,0.1715166741315546
lead_4c66e9678dde9aa0,0.32364465884813787
lead_a95a42708bc4bdb4,0.39613803268039693
lead_4e92417ac2bfaf1f,0.7203596242188066
lead_38cb0e62df93ab44,0.17584713455033407
lead_15eb301aaf6a8c30,0.15270672959224155
lead_82f44a968078b823,0.45881937362219444
lead_ad8d69c2fbcbaaae,0.3729516588378358
lead_f4daee0f2b4b6de2,0.16402482551852313
lead_9c5748c57b9bd167,0.09510965477693441
lead_5dc7d1ab09d544d5,0.06824974813354968
lead_0b4c52d9152bccf6,0.16928859173718283
lead_7992b45d8f8af496,0.572542932912783
lead_5e8d5caf16a83179,0.455955378772453
lead_67a507d279d9206b,0.36855002709385126
lead_e02e261f86848e31,0.7801607339870978
lead_98e95ee443ac8f26,0.27641987576108346
lead_df8a76553dcfe562,0.22249021247636422
lead_1416f39b45f03391,0.15281431238397472
lead_69b4b95588e5fd6f,0.5613837595203838
lead_7867421f41b830f8,0.913853414509823
lead_ad65db6b7f8ae69b,0.352473407980892
lead_eb0712b4155f6b76,0.6495717174996548
lead_77565f977e46fead,0.2753807867978793
lead_cdb53489253eaa77,0.6804629230801448
lead_052d3752122714c0,0.603120956937829
lead_41dce30c841a420a,0.49870672360979323
lead_d9e10752368f8783,0.6762390523612547
lead_b516090e997429e3,0.07243387897624316
lead_c9e0d536a83db350,0.608624268994732
lead_c41cdb923869eebd,0.04964736101929148
lead_03f4dca2bb1be723,0.09537190472343789
lead_706b3a4298bf2dec,0.1663173972513298
lead_38242dcd0574ce20,0.47002277513739504
lead_b65112e8370d69aa,0.22437920331973135
lead_a81f7801b0d99923,0.9606963495993023
lead_2ebae7f7435fee9e,0.502524253922417
lead_1d3fc243789dfb46,0.31406421235773774
lead_4b5023e434e04f74,0.4616426865373718
lead_85e19c63e6258d10,0.394292920441568
lead_bfbaacfd64452f21,0.16708305548072402
lead_4d69eb7c680b9df9,0.642442127585321
lead_427245a532e3244b,0.15124649684335417
lead_7fa1618f087e3282,0.6646779714657817
lead_ae7c35f048500518,0.23671790873453327
lead_72d74807cbe4b1e7,0.44676121163842764
lead_b698d5bf6ef9cfcf,0.2608456308323757
lead_4a25c38946e26c32,0.17893643473783197
lead_21040f00936678ea,0.3491430662688802
lead_e07eedc481d62500,0.37244444285941064
lead_160649864538293f,0.1960443743731444
lead_3fb9f8c1ff530a45,0.5151020398914258
lead_b158ac1615cee07c,0.2703188616651601
lead_ec26f1cd25a9c99e,0.36108428898268596
lead_b15b41853fdbf01f,0.5500804077095948
lead_9688c7f8eb76a853,0.14179911228405376
lead_e5d25dc01c639bec,0.46903822304800274
lead_37052d4e44b6f6b0,0.6578088545840955
lead_fd95b44e87cfde9a,0.16680289032424808
lead_063c600fb9890b07,0.00945296216355679
lead_ac60965c4deaf6a1,0.6206552985425821
lead_32cf3d8cd0c8f0a3,0.7644580752654462
lead_34ea1335564dde30,0.1919068922861172
lead_271a2113fa203314,0.22359002703664177
lead_c8c7341965cd4c2d,0.4184283659786056
lead_0a4f8a1171fd0393,0.48282296971986755
lead_c11657bd56061682,0.8193778827748824
lead_654f5aabb73bf350,0.2602354553280174
lead_43bafd92ede66f5c,0.5166416260925377
lead_a764945c4198db73,0.18748194859541079
lead_e608a49e72fa2612,0.9451559737382214
lead_7902d74ea5c348e9,0.31613340389920885
lead_cf14e74b6bf12d80,0.7122056454556062
lead_3e048f907f114350,0.1884440137317821
lead_e150f2eea849e541,0.17210654330705996
lead_dc38fcf01ea63380,0.1403723649255708
lead_61eae70b25e4cb8c,0.18942690238313353
lead_6dbbdcf102e66ff9,0.593146065350837
lead_de9b4d9e7d650c2d,0.9276140981298694
lead_fb11c82feb160190,0.3125985182224487
lead_8c04a4e3d65c00ce,0.16011271760891962
lead_76d07c24945cd7cb,0.26909297112459973
lead_d1f6671ae95f39aa,0.4869223800344547
lead_9f73c0ed24b0402a,0.6979302773103383
lead_6e0bb22374dd3c7f,0.05287518347598996
lead_8db5c92d0ae1a8ae,0.219946944629817
lead_620ef0cd4a124a33,0.14917162275608328
lead_a0bb960192b209a8,0.13888255913564806
lead_efdeabadcb73c0c8,0.9802616022082793
lead_ff0649926900edc5,0.49797414486493946
lead_3d910d321126cc8a,0.17262413826234013
lead_df4ee1aacb4d7729,0.03722140892957298
lead_9132d56b74cbad31,0.20351613758845977
lead_78c47b1e3ab74745,0.23573390677850578
lead_8d8c63ca8f47f203,0.44256711174289126
lead_0da564ebf49087a9,0.25486003676168195
lead_23cbe1defc29e61e,0.17008052033291113
lead_d023bbc103ab86d0,0.12101081053781114
lead_20e6bd39eb342e2c,0.48303701476190647
lead_d54735a492a0f40e,0.30131813865830975
lead_0ee2ccd0573f1349,0.97258349683959
lead_7667e97239f79088,0.6611269792386496
lead_104feb0dba49d69e,0.12264812478132853
lead_9169f7b0c5a298b2,0.0918109209838568
lead_4a9b0e10fdd8dd59,0.19331816591973358
lead_a47efada0a353a45,0.766376388022267
lead_a8a753fffaa78d1b,0.26673452183941526
lead_bf0e908643705aea,0.5013474887866656
lead_dd2c64e523280e9c,0.1929317328939548
lead_1e37c22578ac05a1,0.12516859448687423
lead_46f108e9e6a9c5c6,0.7718924645138608
lead_cf4581a30e7c0844,0.11307684270815578
lead_ac6d53afb5315228,0.250868222140657
lead_6992cd4d40305c2f,0.5552393430307232
lead_b520e1d0602b168a,0.41893857550726166
lead_572ef4ace66cb06c,0.5164873535622967
lead_e62d937d38e5d534,0.38439936693559557
lead_109e91048c4df4c7,0.8452029092198541
lead_c9eeed3b47cd5020,0.1955991062231982
lead_8f516f0e89b92e79,0.20370891332982863
lead_b6fbdd8adc09121d,0.054535409679362136
lead_24382750e149a531,0.4534866590921222
lead_20b9fb77b6b27cf2,0.45688968911802325
lead_f637cde735fe79ce,0.13051254983573582
lead_258a0826a62bb29b,0.32245609108680884
lead_2ca872f98741c345,0.8009367490624029
lead_613d1967345627a2,0.07136879708633459
lead_179ae08d3d9f6aec,0.7317436465806254
lead_0392fbad417f9833,0.2072010206770938
lead_17dc8b22a7f962ff,0.3738570330452761
lead_fb42df52419303a1,0.33387866103844654
lead_83c410feacf79ea9,0.4051207111386456
lead_7c9756542b17173e,0.6799982224811423
lead_2137ffd6b843ff94,0.7459150016036841
lead_605fdbc0540f4e5e,0.45479140459192985
lead_89ee6e4e9dc009cd,0.2844168675037893
lead_38e46860434a6908,0.2606193314235411
lead_fa9a7f285ed66591,0.501517660398857
lead_e9786cd03c40ba11,0.557137193061464
lead_09f0856570099cf7,0.3382226619456064
lead_a33162592f53dc67,0.13638304773690482
lead_35f4466b53ce2b5c,0.27746416064648916
lead_f4374a65d57e6d5e,0.2728317966453982
lead_2af96dad76971a5c,0.22440320028047744
lead_b0810f6c8271b9ab,0.6266838283474316
lead_229e6a713109a1a3,0.30372974528266733
lead_3650c3c052d8ba49,0.13474773102947976
lead_85cd173c5534f0fe,0.18414369632911856
lead_9588d9f201e4a1a2,0.31978744754333616
lead_1b8f3ec947a24d10,0.1308133689452527
lead_4739932343a7b9b5,0.21755737911997128
lead_45531f4569766192,0.33739407496244356
lead_ff0c76d1e9850b6d,0.3585998605995658
lead_5f8e00f51cae90ed,0.17818871778022027
lead_cf725b749821b34d,0.03700806295137715
lead_ea222b89d4081edc,0.14930149711272153
lead_47244a2de1b90336,0.057282006959857724
lead_ee8b1e5249a5c97d,0.46325732080355736
lead_67b1777fa498e283,0.18504949830326975
lead_f9efa5904b1e1990,0.21128675732055116
lead_d2b3e11484def6f5,0.2838030680001122
lead_790865b6c05b4178,0.59035905476451
lead_90379d733e211513,0.39018635386528416
lead_966c528e2e44997e,0.1647160887525673
lead_fe681dc6dcf9361e,0.340125966457744
lead_fe91c36cbca97744,0.1693453190397066
lead_389d09bf38e809b8,0.3580143097235771
lead_9b1503277f11bf6e,0.09055530850267496
lead_9febd0a0207e5fc1,0.2923584998060916
lead_1a8e47bfee25492b,0.050304147995431585
lead_be6bed20da1f5cc2,0.12227520900664617
lead_b1d940fe7bce9279,0.24754873919471052
lead_e1f16006d5067b2d,0.586218613217207
lead_844a55e5341b2852,0.573235454653444
lead_fb3122ba63fa8681,0.544368185116512
lead_89afa33199b2d484,0.4358196100627447
lead_369a62fb696a81d8,0.3703569073275166
lead_e37c2ca183ee128a,0.29097701529111575
lead_4f1fb6a1c755b57b,0.033602772967651635
lead_315e36acc2efb400,0.16200035530425755
lead_43509334efa8b1c9,0.2095648924366155
lead_51e1ff8c7f1a4b7d,0.480508503233144
lead_8c485a8d0b73de83,0.9734165754323659
lead_61fb105876e8b98e,0.1599682408726699
lead_0601de453c7bde6b,0.11506705213032091
lead_77fcdb8f94c099eb,0.25013842312685436
lead_6cda8b70276df469,0.5386872456842973
lead_7fc6bf77f7f77a4e,0.2866748286183713
lead_38ba5ef056d974a6,0.5009007444294139
lead_5d6f62db1200ed44,0.30254630392335713
lead_aa2b2d81e854e324,0.09713387652108325
lead_32f6656ba937fe52,0.12320954253387369
lead_13fe930abb3a2c68,0.04052930684294362
lead_b27dfcd28e2141d5,0.40659639902459643
lead_8c3a018ba939c4d1,0.15744378297330555
lead_b584ab5df7932595,0.4672539193449692
lead_fcf6b0800d8aed4e,0.0696764734780709
lead_b7925542909f5ab5,0.3409478481478576
lead_8d34cea92840aae5,0.08787860749770325
lead_d6c88fb5ef6f20c0,0.5348259336574362
lead_80e9245d98086250,0.4298163303279103
lead_55c3977a9a87fd34,0.5150801895167552
lead_6c52a00298e07ea2,0.17238002478348458
lead_3f536f0bd04e9f91,0.23157644568726343
lead_25a2f5b8c3d4b1af,0.5376451741154181
lead_1a38128a71ec16d9,0.1863045648828849
lead_3d923d4c3fd1bb8c,0.05711031885773631
lead_11112b8318c61ab5,0.3974242856684774
lead_497eead85abbc4d5,0.3059563823763534
lead_dcecfb182e1a93b6,0.49047912870571536
lead_c009e7b1ed063254,0.4791442108901895
lead_918b121711cdae5a,0.2435399629478574
lead_cc6e08a7479a32b7,0.20196791966891092
lead_46939acf378ddac0,0.210568831093405
lead_bcc4b308a301b5c8,0.053789177107191305
lead_f2fd983d60d83190,0.41624092991458045
lead_70f36f555e7dcf0b,0.4488508721045217
lead_1a990addcf5cdc42,0.12358360620972612
lead_889a4c6ac1d45428,0.5850445997980879
lead_b04120f3bae21ab1,0.06815399690883096
lead_fcf6f80a7ba7cb78,0.2899449136217033
lead_42b80bd171b30a6a,0.9752720897242736
lead_f3cb1d9356d2ddc1,0.1555700968567062
lead_a755d3f99a919cc3,0.21309431548334143
lead_2edb369c9df473ad,0.261204211443866
lead_ddbe77a058dbe318,0.644741115022411
lead_c620a44d1dc4a18c,0.3932542383777169
lead_f1c46423883bde37,0.294628542564423
lead_9adf5343e7a74fc0,0.3050793832625283
lead_b9a193555f247afb,0.511150606762735
lead_eed1c5bb31db8664,0.893826565879947
lead_08552349fdc1b9c2,0.2468731200897268
lead_73bc1077044d6c65,0.3177427723635231
lead_0598c10bbd6e9b82,0.10603715607140392
lead_39e36101b531f07d,0.08791273568689946
lead_5aa3cec21b6b572c,0.5318038437066879
lead_6368d1bc1260bd6c,0.16761228399824354
lead_e044b3ee0111acce,0.3553373305698247
lead_b1ce814326c42628,0.13285322708457956
lead_89f1114618794345,0.024806875854480426
lead_c0f5cc113ce0a03a,0.07751858326642734
lead_6dd068bc6246c8be,0.6532794179248066
lead_c16ee99a892d92c1,0.3875487174560775
lead_3c7d8f8cc19bb09d,0.1794824446700385
lead_aaf480dd3e0edda8,0.4691203794328782
lead_2b45638f44ed80f6,0.5316791507869868
lead_c232376c2e4a7e67,0.9150576180785425
lead_b0dc83e95053321b,0.49588409727608873
lead_730487650da045c2,0.6097747892820077
lead_20ed028f5d15bc6a,0.1218353964495399
lead_dc5e77bfd0ba50d1,0.49333679293807764
lead_2ee616492ab683d8,0.4681308355130916
lead_4a80e39a7c26ed29,0.26429560488695575
lead_a98cc7d3eeb1cb14,0.1473255416921091
lead_67e388976c3939d1,0.06395813418217818
lead_f330621fccf99d2d,0.04504395951186799
lead_99a28b6761054609,0.3000114403808624
lead_3ef04fb30c4c5a92,0.17458503091509273
lead_420831331ac9a5a6,0.10705530908646525
lead_7114a80a83db0538,0.5585917116405501
lead_95da226234de26bc,0.7404377092451458
lead_f6b10c7839d42875,0.09238204962080883
lead_e1e8a28e29b8db31,0.35988814147499976
lead_23786ecf4bb9e10a,0.4511585087316176
lead_c2bfb52a42b51adc,0.7260624975534072
lead_eccb9ee698cd1286,0.5265725652275303
lead_1c694242a648ba3f,0.11434505238978199
lead_9747967b2072e4c6,0.2872009302318515
lead_a0eee92714fc22a6,0.7292283195500168
lead_5d79eab2e88755dd,0.08414819573835242
lead_7a2f9871b6f0665f,0.06307020499409173
lead_afb2288f7827a1a0,0.841108533584595
lead_535a4d30e0ce57cf,0.08747156485134894
lead_5bd638a8dd41a10c,0.5515382896984874
lead_ed21e59f07937b8f,0.23958988601084974
lead_0bf58260cb24b869,0.7841066199233918
lead_711ef54b0ad58bc6,0.38201037944079186
lead_61970f8a71105603,0.3859274893379036
lead_fb61fbec1a9e5720,0.3009115339550991
lead_0f9481bd3b7ef08a,0.04496752348365374
lead_9d8ff254190203bb,0.241209680270858
lead_be45d472b0f0dbb8,0.2295432675425567
lead_0f1a406229b0af55,0.03346555629816778
lead_f529380e9d17b0e4,0.38070876425639644
lead_8cfe5dcad6615cab,0.9259829037197685
lead_b84b7a218d94381d,0.21920271690600612
lead_cefd25e4a1b88eb9,0.195627644561474
lead_5b6835ee999a4a27,0.17831164276418976
lead_6be5083df148799d,0.1918310717294999
lead_c763e6c48aee26dc,0.35623232134507105
lead_18ea7d139a09b1cf,0.9787975783777743
lead_9dd0b3afbe4930c2,0.1286281592333804
lead_3a9bf6a798bf51ec,0.5453223963768022
lead_be2247b6cf3608d4,0.6246187080048122
lead_b187dab10bbca8a8,0.4585129311085758
lead_3420f8266dd61ac8,0.5504371785882832
lead_0a77c9d3db23734c,0.5322397901262992
lead_4395eebcf3be39e0,0.3481107297734504
lead_4ae391eb7c531b48,0.8397807086691814
lead_3f0a35ac51757579,0.3084410510432668
lead_4602f40399adb4eb,0.09718497491250648
lead_88d876a8e87f0f90,0.12648540896243202
lead_80dd91de28f16d5d,0.20427785762426096
lead_a5ffa8f9ac07f9ec,0.7650741771325235
lead_642424a5e9429f77,0.7439635594860627
lead_731b5bb24bd662df,0.0993797100920608
lead_9e627bf0a71ffc9f,0.6432556587212838
lead_100b0c0d2551098e,0.16256412504367432
lead_50ce5e48a866de66,0.26145210278701997
lead_4f56630bd611258a,0.9167962523324272
lead_896e36c7f00ac52b,0.44927092959481807
lead_e0304d41d0ab72f7,0.1794036699198999
lead_ea33145ce8518b87,0.18898984733980873
lead_52a57a0be9797b0f,0.7921624088603157
lead_2fbd0bbc6e0f0b21,0.24024935436738762
lead_a6aa53ffe4c78a9f,0.1893728269202021
lead_77dd7edfc33ee4af,0.29841491750308924
lead_b30dd937fbd08aee,0.5502796425477735
lead_430e1698c08deb74,0.12785036224965504
lead_5504f2469d3a406d,0.3583524480604617
lead_fd656a3684f0c8f0,0.5459849264018161
lead_0928af86a646ffe8,0.3503211985890639
lead_d3dd3c0e97ed2d15,0.3276991685736426
lead_7448f3d9cac0bd7d,0.9365150736896047
lead_9a1b6ee8b0b7d813,0.17000783838430347
lead_76016252ef220be7,0.4455260376181474
lead_300750832a14d9bc,0.2440807749084172
lead_c33f6f935950208d,0.24893536006846642
lead_53c493e81ceebf5d,0.2884170429185127
lead_d826ba5869e65bd7,0.6206022651000525
lead_132fda2670beec5c,0.08314049377793571
lead_c6e4da96c5893169,0.2775518870911192
lead_cf9e870d8a7dbcaf,0.2848053650214817
lead_7537a26d4018f290,0.07993302578066677
lead_e357359862f5419c,0.16113210452614615
lead_547c19dc780116f5,0.4009801991910424
lead_bf3fb3d9891af939,0.27263490433594
lead_91fc18d6877ee01e,0.3380784287228969
lead_6142336f1e89592d,0.9115856748930833
lead_b7fc8703b17f735b,0.3018864609735074
lead_53e1cf4c4c4eec58,0.4621213111681404
lead_d5b282ee45be2639,0.4975581652191843
lead_7b875e8285f4fe09,0.5433152095425937
lead_d1af5c459eefe489,0.14303140588017293
lead_189e072d279cdcdd,0.15202860510014388
lead_05965e85e15856ff,0.25720263092604556
lead_5790aa26a4d9a854,0.30301683370728544
lead_ac6eda9cbcff1090,0.1964162678790213
lead_c31def7370aec0e4,0.9411015675105946
lead_8222726009799585,0.22997053332408976
lead_3250b958596b37d1,0.10226670029862457
lead_d9ac5900f3068210,0.3971776796831419
lead_8aea4b818d7e49f1,0.27239886775626126
lead_377a9c7726e35573,0.05472933284032342
lead_4dc456f2f40000e2,0.39362144614166583
lead_d56aa97d726c428f,0.5969084704608117
lead_05992c6848eaea8d,0.8802572329975735
lead_ca6ecbcf2691d87b,0.3644935165519457
lead_b42aa5a6d175750b,0.3379663509236297
lead_d119247b374bddc4,0.14523321725508462
lead_9c906ff670e23228,0.16147676349983162
lead_49b0545e9dff652e,0.7679868801319852
lead_e5390187003f6768,0.164356987811258
lead_93e74a4bb79a7314,0.11113812565576058
lead_a5264edd8bfaaf14,0.8369165361785488
lead_03c9f6e482b1ac73,0.7762281457090533
lead_e0e2644d82f2e52b,0.22088727236574332
lead_41e2ec84357dede6,0.10687262854288872
lead_15a1695a573e9aa8,0.19211760977780068
lead_352d7396ca2e89a1,0.4276126697230136
lead_56e7c6dd8cf9acfc,0.9857892784947192
lead_348dbaf249e4c76c,0.3901566352145942
lead_e81a2869e6446f0e,0.4151879015278009
lead_1dafc143809d8d8b,0.7220968586863951
lead_be8440c6367f59f9,0.29084787682974367
lead_7aa03c8dae9828fa,0.11163433665570942
lead_aed080af23c12862,0.033093904130127194
lead_552a435c3b025aa3,0.2843268222158241
lead_4082021745eeae9c,0.11011818361193465
lead_2258b35e3cb5f555,0.9918336196192841
lead_9519d012fb756e35,0.04458913349481771
lead_57dfbefe36976107,0.08209803670671909
lead_e89cb2d5e32d4043,0.09727606050938742
lead_1769b8d686725006,0.07167571004819087
lead_9a967f1ce6318b00,0.308593874641409
lead_1a6c10def98a7bcf,0.9045300208738859
lead_00a6c30b45ae0dad,0.5592156552120893
lead_fc179806564d8628,0.45125067690325227
lead_04cbe20cfc447560,0.42011098720990375
lead_c3b82a72c979f3cc,0.39169248253894456
lead_9a70cd051f72f060,0.12007132684473931
lead_92bf7e4625525d34,0.7796954123068011
lead_58183f6bdec5e183,0.2858746109958695
lead_5b7616b5a0483fff,0.28585377778043364
lead_4931970fbee0c867,0.6236537310155617
lead_8892a868c3f5c57b,0.3735696781955667
lead_92008b5e53af99e8,0.1263497321155026
lead_bd15cc21d874228c,0.9682887135018978
lead_e83cc4fafbaf2643,0.1899409563870179
lead_f3cb3b12227b7707,0.15791863798981973
lead_43b057b622b042af,0.3504675299507069
lead_6bf26c1dcdd7ae2e,0.5108117660348114
lead_f5caf1963e095783,0.10256364466417456
lead_98c8eabfc71eff87,0.45306165013667427
lead_c76af0d1d678f4a6,0.3571492297512291
lead_6951960dc24e3677,0.49434707328094696
lead_94e2aa05bdf66094,0.45384883534412995
lead_3c31277b4cf10061,0.33224371407992986
lead_9d31b517f14768f0,0.6431100639705863
lead_085d35318d2442d6,0.10099482017361021
lead_9f0c8cce0ee11839,0.2912888025460401
lead_56405cfec879a40a,0.9776423846312997
lead_255b97911496ed38,0.2176449849120301
lead_e7f2517322acc570,0.48401367828446307
lead_86501f6a9a1be8b6,0.1385179451191072
lead_77dd57fee49f4e18,0.3789871147306532
lead_ac41917d6c8eed20,0.24006592431363993
lead_6058ecfbf92bd050,0.08302154014941644
lead_f7339b939fda77d4,0.5973832402715857
lead_e1099532dca26ae9,0.26966025904942587
lead_87c79540f6e4a458,0.05100035503438211
lead_e7448ad49eae904e,0.2985485117311995
lead_4b9578ed7344d6d0,0.06929474318021352
lead_e50327570e870e10,0.9290701070117385
lead_a2d526b8fae96126,0.16928217974170756
lead_00d7aece04fca442,0.7980172309808301
lead_354077fea0d02e99,0.0772523979756843
lead_c2792e5297cd6e36,0.09836651052687741
lead_ca7a9f05d88b1c40,0.1736033942803126
lead_edebbb6a09f32923,0.9434239638550993
lead_949b1f6461f4305b,0.6104072293070906
lead_824b0d9bad9b2172,0.25820607071339324
lead_c4983f9c36a95fe8,0.17916428047684044
lead_9b77c7ca42d51e36,0.5998799404177578
lead_e5117ed76e6311a6,0.7486210914361989
lead_32531708d9659225,0.5168066818710518
lead_3d352f1334328765,0.5207940802252985
lead_1301f90f23040b05,0.3953721346965382
lead_ebcaf206597f2def,0.5442430663063302
lead_dc11299e4d1b90a4,0.10789055399400459
lead_932232e04aa95d32,0.21657812561715797
lead_1f28994816335004,0.22415846448853918
lead_a594871911992715,0.3238273480003088
lead_7471e3923cd194d6,0.24028323079568392
lead_215d2fc00b0ea6d5,0.36151564076441517
lead_93bad040d411dee4,0.06340640566694633
lead_6f3de6e1150c4cdf,0.09436967830850868
lead_46e9dcffaed9ed35,0.68447495594963
lead_43119f40adc6450c,0.42875533186621295
lead_faffcc7851e1f5f9,0.21024358415514346
lead_10e5bd992b6cbfa9,0.5085012949938009
lead_e5931327c0ab4782,0.4360546076043818
lead_57d4a8b96995bfce,0.05670633522536663
lead_547b7c287878b6ff,0.941206253143704
lead_9be8bc95dc8fd936,0.22323040531343644
lead_40ced37192a932f4,0.13334252516461623
lead_62345f2c859104c0,0.5763865716570887
lead_a293b22b54721db3,0.11035786697107837
lead_f780785ff5338009,0.9632961972910282
lead_7d19b1185c2db046,0.9593359998179599
lead_8a776392cd235c0b,0.5775740759906518
lead_f8fa2eff80d2d200,0.32459604404703674
lead_87c6aeedbd4f9331,0.4797432635872409
lead_f113f99b68e3484b,0.966980182893769
lead_011193767e04792e,0.1020097583263208
lead_1cc9cc1eb7042234,0.8440026488704037
lead_0ef0c591cfcd40c9,0.2574300825495915
lead_670c55192190566e,0.1926355266346449
lead_4786105e570447bb,0.08994975559654765
lead_3a7f009101b7c67d,0.10237152269405193
lead_501d4f57f966fe14,0.6740854340697852
lead_37af882250e25a0c,0.6955007051045504
lead_951e00b5b8476473,0.2327589439712765
lead_a34457a77c743105,0.06122246498184119
lead_78b9b177d6a2d653,0.21058635499321773
lead_a060abea27cbe037,0.25848046452083706
lead_be155c26c4827510,0.22590874826159765
lead_ebd7bd9dd369d37b,0.15754323277963952
lead_ed0b6104303edb8c,0.15041411642897617
lead_e48fe5b242830f77,0.19311529592783763
lead_2f874eb94fd03d9d,0.16581200704976845
lead_124d23769c9271cb,0.27405945373155244
lead_44fb719420f5b92e,0.5395307354516626
lead_bf271e9a7b87cec9,0.23481242270011907
lead_54ad0dd92156ba72,0.2080991821045507
lead_5f6334acc7282069,0.13543406894675217
lead_b49212f730f4458b,0.2207146238425234
lead_51e8fbcf6f92aebd,0.46985224457469843
lead_f4f729bd5355b61a,0.022297354015686232
lead_543d307f977a6d6a,0.4292646629253482
lead_261f2188b5d33039,0.5421429488363657
lead_ff42d773df40b16c,0.4766937165972888
lead_4a9830ae48c5af26,0.2518434855965282
lead_088fc43f2eefcfdb,0.4581533029503439
lead_eaa15a1845755751,0.5654613580279204
lead_764caeee4389a254,0.42491312560748673
lead_708778c1c37a8ced,0.4137430241427242
lead_3f0ebae2e974b87f,0.4950035588172977
lead_ddf971803ad8b040,0.38865095958927826
lead_74b31d5f2ab9c03f,0.4262857708640426
lead_bf95f88bb53a8326,0.30676635489017307
lead_1ce8092183c1cd9c,0.4107919726256834
lead_1eab99aaec56382d,0.5120236156224608
lead_6351159e08e7f278,0.3141572325344825
lead_871da36bcf27280e,0.16369116770913844
lead_1ff80a0efbc8c460,0.4572522538068775
lead_06d36d769c347d07,0.8299527340002189
lead_ef3270050c40f50e,0.1203207968288217
lead_ecf18e278980cdb5,0.718542904507531
lead_4990c6cf89db1279,0.6842671929387971
lead_21ed491bd6d85837,0.5445629341375926
lead_eae9796d4460ab19,0.38185840708341806
lead_1c73ca165f21320b,0.9632894705432232
lead_f842f2578e510278,0.9315959106215432
lead_d5a60de902a4d721,0.6219071193696591
lead_3f75dab783cc1f42,0.303094991732144
lead_7bbc2ba4d87284f5,0.3652444874458231
lead_01bf9c3c7ef63f4b,0.2718759347529329
lead_969d82e7d37d787d,0.05737563333551198
lead_1d2d26078bcac7e0,0.03500166330607842
lead_838fae67fcb48734,0.15000118329302436
lead_62d1783a2748bd30,0.9800066842976678
lead_ccecf0e5ffc0615d,0.3795565457677785
lead_70aaed3296093cd9,0.2763021417200427
lead_1bd5170c77b73c61,0.3622062815587514
lead_9dedf50a00c4d954,0.1251808223058425
lead_fa8f8ba455fcebf5,0.41263930178501657
lead_a040dbc591dd9fe8,0.28147475066484967
lead_4b7913529b11e96f,0.7169263186074563
lead_ea671f450efd3e64,0.9763823415214711
lead_31effcc5bf685668,0.17375558507513797
lead_91070c8468943f3e,0.40575201506182923
lead_44da731617159bcc,0.4855223493872651
lead_70452c6c827e5efa,0.10109201959573377
lead_2ecdc427b8813c7b,0.060532749687495196
lead_9ca7aaef86d54f9e,0.4119518653750201
lead_428bcc3a89e5f9fe,0.13190955886006198
lead_27068e77129ea982,0.013051352803723958
lead_8137c8a4c89eee2e,0.09980017191579564
lead_4b318a672bfded38,0.26847592632801376
lead_7bf7a2b8427542d9,0.12004211479644804
lead_bc68a990f5208f6d,0.8111655157019085
lead_36817e0c0bc0c7be,0.5204145183826301
lead_689aa19a3e5d2ae5,0.5747473308620874
lead_86d8a9d16e4b4288,0.32099663538932044
lead_c314063ddb0903c5,0.3242485073102706
lead_7546dcdc94979abd,0.013934861982145115
lead_1171ab7fea1a6c43,0.30324649023989153
lead_f84e25e054c83153,0.1822362986556051
lead_b8738dd5beb140cf,0.12871844231831056
lead_ce4339b5ac7c6c32,0.06705547797023276
lead_37d254514ae001f1,0.2798690008210419
lead_0d98c351e317a5df,0.24691195125094825
lead_9e52bc8e649a3ded,0.17806174122907803
lead_58fe7616ca52c2fa,0.32057224538221346
lead_55d589e1db92e490,0.3103316066296703
lead_c84f75dc6d963060,0.15128656259319148
lead_61ce25a950806e28,0.355815238480123
lead_510eb176bfb86884,0.08504213635933215
lead_f236424a2e3a7576,0.28901899080285187
lead_b36d683ac547ee7a,0.34652458316089646
lead_c8afa89fee080587,0.331160091592325
lead_468c19103e2c0500,0.01104698039958378
lead_97d179edb6f427f4,0.32108498426780724
lead_dbd633feddbacd07,0.14905015329550209
lead_a8e6156cecad457e,0.272115947892223
lead_6860dbc29602cc1f,0.6870742162421227
lead_ba60ac2975ab3c1d,0.1167554890902336
lead_db49e3e2d81726bf,0.09050383073111756
lead_946007a83ebc4873,0.8055094696050396
lead_9bac2c7fb4fd2b60,0.026548523207598707
lead_7ad72d8c05191ed6,0.28361615365915294
lead_822042b85934ddf9,0.08884516332912945
lead_e3a2e2f3e435e268,0.39047655555542987
lead_d2b212d4508f1a86,0.11475252790805639
lead_2ff1fd0cae19773c,0.34695121190637107
lead_1f2e815f1bde4c55,0.14606301002764696
lead_2726290ee2418a75,0.19998292519859207
lead_f751ea5375618550,0.25692151358018783
lead_2ada047da37ee7ed,0.9856006461736455
lead_3edfcf80dfd99d16,0.41048355959173
lead_a8ade78f4deb9fad,0.5468681560132699
lead_0a21ca5fdeedf98c,0.11752447523255893
lead_5cb28828577952de,0.47837023561940567
lead_f969d2c2d9897adf,0.33111344077828675
lead_11386c1d5d032cca,0.4248539539146215
lead_bee558998e982408,0.9124520852557811
lead_b9c828bf68953766,0.39905779509028944
lead_46acd81cef92c99a,0.18363957105922904
lead_1eb8fe87af03a9a9,0.5499830280511669
lead_e905ef5154b541e8,0.3319853613821609
lead_dee49702bc801b60,0.16491538250307605
lead_fe5141a05645604f,0.042795270545103244
lead_2ab1bb66283ad80f,0.9235774995138808
lead_fee34336f848624e,0.19702794171581808
lead_2f81a6aa060d0494,0.4154513576380963
lead_aaef56a6b1850e55,0.19287714114799567
lead_2bf8d1a7dc481647,0.3531104095727664
lead_22e432cfbeac5549,0.5594374870980053
lead_07b12a3e3682d93f,0.2383543481599986
lead_293048b037c39d00,0.17141790264833642
lead_d5539390170e51c5,0.10441976809490296
lead_8d4a54389a078217,0.23112486477282454
lead_e03db5abec5dd915,0.19358350230627108
lead_ebd35f8a931a76f6,0.2804337089158074
lead_36e2dd36bc50e206,0.30311996066146324
lead_798bd20cf5d75b41,0.4625955863230687
lead_b219cf2ae3201bd3,0.45649352977457697
lead_40c4435ac1e1748f,0.12138506055940768
lead_caeb348cc0fec55a,0.19105006524336998
lead_9b5da676e277a208,0.6426700138569844
lead_d59dfc432fec8766,0.22731745118679145
lead_04805431d3cab46a,0.4155084240389499
lead_8ce4c1dbdd24fd39,0.10360663515721745
lead_b4b9dbaed924e15f,0.4020931938936392
lead_5a16c1d2743bd99c,0.1904683271206096
lead_41fe71d43a1b3b8d,0.6561147483190851
lead_b238a7e0af8cdff5,0.551079361548605
lead_a78024b9aa1230fe,0.11213165930391959
lead_e7bfe12d3509b958,0.9953157346783067
lead_c6d04ff5340cbb2b,0.3368173421229692
lead_ede047fc2103430a,0.7613761318889513
lead_4b558516388fc414,0.09928597312717823
lead_4416671aa89823de,0.13368453738657862
lead_7228edaa6318ad43,0.16580501131601352
lead_8b545d6694ba2a03,0.0760087332994238
lead_978af851e82f470e,0.06485108065065187
lead_7f8944c485e1bf2b,0.4116068777437833
lead_deb226a9c589a03e,0.3961216774964849
lead_2515026aa4818d68,0.8231454591201363
lead_e66c9e8da405fd44,0.09788180689872365
lead_41dc85baf143f703,0.22861701848779545
lead_ae5bb4ec73aa3902,0.5900951470796244
lead_9897cc5c298009a9,0.1670778195654312
lead_4ffd34e78e3e4de8,0.4773458125493862
lead_6cc367c5f823c34f,0.2702714671387388
lead_f8d41cc9b85fe1e8,0.8871383307168506
lead_b4d284ea1a7af28f,0.6823566263149671
lead_cc4914ef07acf916,0.28186918300614566
lead_e2a26ef739625b41,0.35791396759747157
lead_6c61e7438c803960,0.30213647865029586
lead_98ee5acaa429f7e2,0.7136537011679175
lead_e6642c1260c1e1fd,0.19157356791540722
lead_c31fb9fdda36a02b,0.3163097227586015
lead_7e1a1bf98ebb47ef,0.922166613392356
lead_a73c3e2dfe55ca14,0.5221417882329921
lead_cccd44df3acd0179,0.3492560135234042
lead_b69c9a398a7b4d8b,0.03302162895732757
lead_8391f3c704d7ee35,0.15341836982784962
lead_14dd596760cf46b1,0.3099382886687981
lead_f713feb2f026937c,0.10277566517612235
lead_649f86c9ab281614,0.2365361287971365
lead_b244ecb62553f405,0.3508661898228811
lead_ea9e3db8befb2319,0.047355966251100036
lead_6747acb67f4443a7,0.3787523851376928
lead_d5cadecd934d97e3,0.444749968512742
lead_dbcbc4dba2bc4b88,0.027502406696847382
lead_04e286ec38f57228,0.18178615472242574
lead_ea225771b8bd19c1,0.2746022448370475
lead_d14dee9cf60275d9,0.9297852190654557
lead_8f286ee6a668231a,0.422601829382145
lead_cdec0d17fed3031a,0.18011263726396357
lead_4fa8a051674b92c0,0.09742692754945348
lead_32322757ba4fa97f,0.15611267231279854
lead_55a367facde80dcc,0.9245405169152418
lead_3387f78fc4b93f6a,0.6677002057354701
lead_7f54dee8259a788a,0.22488616574489903
lead_0183c93a5efba926,0.14771060132678973
lead_e8b8c0db22643863,0.2813660504894131
lead_6e3a0e708f0bfd4d,0.4037735289642772
lead_2dbd0e7ba6ceeff2,0.7814358084038395
lead_64699e250a2b8fec,0.7113369417753911
lead_c27517a77e2f9d4d,0.38059068080848446
lead_fa9b7ad3167a1c2e,0.3430834843404014
lead_4f5738a3ea68390b,0.13465554305106361
lead_a41e2f0f6119f792,0.040869022028404096
lead_e5c57e86d578267b,0.33447288501142863
lead_0142f76e549cd643,0.640046986004346
lead_8e4dae90bb95a5d4,0.11421864680599476
lead_0ba477db20491bcc,0.2865094449988965
lead_6445b635fe0df2c0,0.10932945245150959
lead_2af1ca1f2db6dfe2,0.25084367519911693
lead_e0847f9033255c8b,0.4942608402830742
lead_93e479aac3508da9,0.10623722261447695
lead_b1650c5258f71ba5,0.20741886885943187
lead_93e4bae957eff9f3,0.22068472187787527
lead_cd881ddfe02d517b,0.42328613876248955
lead_ffb3698423df33d8,0.8143910070927656
lead_2c44d557aba86c61,0.22277880601859004
lead_9cc9841b810ec7db,0.17231346317267074
lead_371693815112e4c6,0.15251176377720177
lead_55316f3a683e893e,0.3711435179720721
lead_a719ab9d77188815,0.26464284225453777
lead_b05262e262134e03,0.5219739089891635
lead_efa6a3b266d868fe,0.9893269904954899
lead_d2301f90a402972d,0.20451326404606587
lead_ab5bd0ea6d2e50ee,0.06228432942712161
lead_626e6c65fc6ddac8,0.6795766967589271
lead_d04119e9c9c414dd,0.4398915015658104
lead_909d51fd809cc2e9,0.17137032892991977
lead_29cbd8aa379ee533,0.3772657722854839
lead_0ea825396c256953,0.5554167120740895
lead_0b68158009295cd4,0.10041834706357855
lead_8fcede2eba33f263,0.5515229092122115
lead_c786ba185938fcd9,0.33729882705871866
lead_a1afbcdbebceb2ac,0.6024230472756517
lead_61bdeb7ad3bd5f92,0.3370384146337751
lead_196ada5d4c556cc4,0.1387879277409473
lead_1586b10728cdad81,0.4206723125813531
lead_bbad91922bf2482d,0.9064759664572657
lead_c8f3e84791edf05b,0.43639658033480666
lead_96585b815669a74d,0.36089138655974634
lead_82326dd9337be1e7,0.12530873598215617
lead_4ef1c76995f2ca19,0.36144402726442587
lead_9f6e5e39d46b0017,0.40535634988458086
lead_3226c40a495f8973,0.3205922336475076
lead_3a097d7a741e4b15,0.7318575475802888
lead_249fc3c1d8d62b5d,0.19868507697706717
lead_055ca064b60e294c,0.9190107411172578
lead_222f17a1e6977eba,0.12868003444664008
lead_1c4940ac8361f27a,0.35264351193944893
lead_53ca6ba14de476e2,0.3203294626558021
lead_91da92e68a5ab3db,0.19645659273593408
lead_aa837e70b7b4f1cc,0.08664921653996954
lead_d903a984b9aa14ef,0.042016597953422184
lead_429f7c947d2a0157,0.033804130026829554
lead_e6863b8a1c8e5a2d,0.7874716721324537
lead_7a9c526ec0f54063,0.07382726232818748
lead_b0171f971a94bdb9,0.7049613080456562
lead_8703ca7f1e74cd00,0.7300481886511802
lead_0969541c0fceb24d,0.1439650176906018
lead_bad174e5b5b7c4eb,0.5585161246912825
lead_2c6b1b190e3de6b0,0.5268228135806194
lead_120972f75f5b065b,0.21055357914831538
lead_2b45e2671d3f04a2,0.1816620549465071
lead_7fcf819b52d2d33e,0.6992452807961517
lead_235d739517a26d18,0.23208469701445258
lead_812aa504f39abb1c,0.03787717854066256
lead_71708e1ea49a1ca3,0.1750135769485032
lead_6338bfb4fdbbab74,0.7492187007761334
lead_2dc51c4a9fc85a29,0.49630901570367597
lead_47a0093c61ad9283,0.63584169542281
lead_fb20f1cc4564d269,0.5377711519720894
lead_e6ef153519a7d903,0.3936642973555832
lead_38bc05a317635d6f,0.5149140124055702
lead_a15c175be11fe436,0.05235647918524008
lead_9028cfffc2a7a0d4,0.13121436090105196
lead_77e306e7be9c04a6,0.5068616362830881
lead_18efad6408eef00f,0.12128658148941457
lead_f63c09d536d13632,0.1585945184395607
lead_a04a8b979481a66e,0.88571437719022
lead_b4683fd39477a4b6,0.9015699287704754
lead_4a1e5d33e48e3646,0.5737237816901436
lead_1a363c46f7c3ea97,0.6128452444970988
lead_3cddf0f7f564d49d,0.7612932683861772
lead_da8cbc8ab76cea8b,0.13847802564430572
lead_6943916a8909ce2a,0.09410786183716334
lead_172e566d62cf25e1,0.2962922949565775
lead_9c57477aac950d78,0.4671452395472136
lead_ed2c26fbc8be876c,0.09773104239044857
lead_3c731d38629321e5,0.6834811383614571
lead_753c354113b38f55,0.2360920154549314
lead_ac7f7327b44c4253,0.22952119410866575
lead_5f30f6b9d3bb0ac7,0.4329631728752206
lead_b13058f0f535ab0a,0.19652612843898998
lead_c38852c13c864021,0.2708130607337056
lead_ca6148e5893671f0,0.08441627227646374
lead_111e72293c517757,0.11849653781670981
lead_dd03931bbc901b43,0.9434692280972965
lead_b1c70f16689fafab,0.2688860986301141
lead_29a64f5a4bee8bf6,0.8927081161275177
lead_5268f719917828da,0.8608348081091955
lead_4e35f76829dd2c17,0.09496201275951276
lead_f1aaf7d475a8f223,0.2831316746672645
lead_11af6d4a174dccd9,0.5334987013456787
lead_95f2a68c24e10ac0,0.23170140239565776
lead_daf3da47efcf6328,0.20245031564249383
lead_1ceaa8ccc8b8b082,0.2178899065496663
lead_b764688d57118262,0.6718788886349341
lead_5ae6f705f835578c,0.4425497604455924
lead_04ba77d23d56bf48,0.30327772656321683
lead_43fdbb628679a765,0.06852946290051054
lead_3c01b9c03f203ae7,0.1864433881764631
lead_546e1b99fc12f950,0.26051381835935333
lead_a98f013d000f4700,0.3434662512519718
lead_aeb2538c14c4f733,0.3697266184629499
lead_38414686ba83fdfc,0.218608776409845
lead_ad60f896bfc0dd58,0.24426748846798688
lead_4d65cf82cef6b6ea,0.2516065757382215
lead_db54a89dfd815b89,0.15829320369203354
lead_2892412af846efb2,0.947891093803881
lead_87d36384a203de4a,0.2967182193569488
lead_f537a18f20eff3be,0.4565305163452762
lead_bb8c154a5c07142c,0.3919394813823808
lead_761a765da22289a9,0.3892405973602073
lead_b74fdd235b79c512,0.686063307311522
lead_afced331727b58ab,0.321860529146152
lead_8fd25ebcd68a535a,0.8901661813089948
lead_9c8320d3d0fbdedc,0.13376950708336946
lead_7b2b8339f94b6429,0.5168852174230302
lead_b6ac6933abc608d5,0.3719927743418374
lead_75e39534f354a2ca,0.12056302988679023
lead_7f57db363059f6f5,0.6119114066953957
lead_0594a04a3b151966,0.12358302894671615
lead_81252fdb77fd8e35,0.29898290002975775
lead_d51057a391d896a4,0.8562207425854735
lead_bffc038533cc0681,0.4824719553573746
lead_8b5b337675877a0f,0.19381389961355855
lead_66c087cf92731251,0.4655279730838366
lead_6640408cc84b6513,0.14152904149497
lead_561d9b460589cd33,0.4912144876577562
lead_c63405fd25885ac2,0.09148475164377906
lead_ac4983815bae8382,0.10737688763882065
lead_44b3dcdeb5295c82,0.2812852459505778
lead_ee762ce286f03950,0.682007983889088
lead_a6d2673e52072def,0.3916601075390331
lead_5340bed1f667f8e1,0.2645381155228449
lead_8c1906309d36e9a3,0.6539504522537283
lead_49b7dcb00bcab208,0.5766087987766176
lead_afe1d307363aedb5,0.9853997823368573
lead_930a4e8b3530bc8d,0.2652757484226785
lead_5c0cb1ad8936a1c4,0.10072384836090076
lead_be403fdf7b0cdc8a,0.16521106242869457
lead_601917c5677aaf23,0.17043550564686058
lead_a7e6de3012e60274,0.10648793421672476
lead_ce6f2cff4ba26a75,0.02966416023991958
lead_903c37474875c4da,0.055404748772290256
lead_348a820532c64dc8,0.1881380757173993
lead_a8f70ae1a62abed3,0.12127143732193797
lead_8d1689dc7eec1efa,0.2675061830144083
lead_78295181221cba9d,0.2631526428891297
lead_aa3b4de69d7bc75c,0.8224528542966425
lead_8d9c5965b4b291df,0.22641325495300182
lead_366d9cab03d93cd8,0.08899961356613145
lead_86e95ff5b9f5d4d4,0.17152074165208794
lead_403e580dabb6741e,0.8252017660216678
lead_c72e0c710d6af996,0.2670127652418303
lead_7c69e796887d9431,0.6650949956988489
lead_6639276ddb60d640,0.3758627694912255
lead_b5940d244d691a27,0.2595272656011454
lead_2b43c28b85a4d37a,0.5397167748367351
lead_74e918359fdc6258,0.1829032129806765
lead_456611522ec0f340,0.48886317124700224
lead_ef801bb9d31d3621,0.20291609699286275
lead_51ca4e3f93cf3b65,0.02850258245757377
lead_94c531fc52d96342,0.18064806286667812
lead_ea191dab2dece558,0.6598660815929587
lead_855c4d06d06fb859,0.045554749218559655
lead_57edc57a545279eb,0.0813609890461674
lead_44831f7aad6d8662,0.3349327351958327
lead_5be4614c2c2e3bc7,0.42702029292409466
lead_5b7e0cfca44372d5,0.44893420248631505
lead_8b3b7c4658f56f73,0.13095089826310313
lead_c405912caeaa06e8,0.1838125377479133
lead_ae868bb301da044a,0.03392253561490433
lead_b764d7fe310f68db,0.1684431543961689
lead_395615b2132eab86,0.3141534332737402
lead_e16f249e61003bc3,0.3975808951307578
lead_01af5fb8b6dce080,0.6239122812477876
lead_95cc0a2a3ddc3ac8,0.09663088740915081
lead_65a1509514b86587,0.10898414414361661
lead_11a56ed3adb6b1b5,0.11441196675186083
lead_45c4a77d6e930769,0.3516383991117979
lead_c09b07e6704df536,0.3059134603927764
lead_b74cdea1a8c1a1b3,0.8219922081729036
lead_e09d5d588850c121,0.6236486168340316
lead_9036e0dd95641184,0.47316813623646103
lead_673b9ee3a18914de,0.369464041956056
lead_0835664dde204820,0.050651718646196914
lead_1c39362c3e381f02,0.35404763433881753
lead_868d81c76265e076,0.5474214335719753
lead_b30df57a48f01f19,0.277798122125585
lead_e9c6c70ea33d4002,0.08907872905259877
lead_2d3b4a750f2c630a,0.19893542936572292
lead_21d30c2f76b9c771,0.38646519844962907
lead_b7091988f5b5534f,0.14476339394490473
lead_be601e506b6791f9,0.12347572588358846
lead_eb1bf2c94ad8ac31,0.5063736286953854
lead_d0fa30497a42f923,0.8881451584980887
lead_ae99d18ac2b65caa,0.14748926435544518
lead_ddbabe4ca896346e,0.15865737537530866
lead_03aef5c5531f8f28,0.37798743226321446
lead_d36a992f94966355,0.37989336900391835
lead_abf4497b3f5237d5,0.24347988251010055
lead_263c08c5811b29aa,0.4645405413680674
lead_ffb6dd9902dc5e27,0.2365577348486515
lead_42ec420f22e15cc9,0.3708693022242497
lead_9d0f99d40b9fdb9b,0.47669651342391334
lead_ae6ee7a954ff3210,0.9954098260202621
lead_24af28e472a4a0d2,0.04676934854566217
lead_74ec871056fedb84,0.44286715348286027
lead_b657bd1ef4fea20a,0.3573808295256822
lead_ee8a1eeee30c24b2,0.09242128818528256
lead_78019c5114968fc8,0.12677704582816296
lead_87b39ab6b18d10c5,0.2949703925273565
lead_534956db0f5742f8,0.1470452110078969
lead_17e5484163e2980f,0.11855160209404118
lead_ed212708e7830c67,0.3943903554570402
lead_4e3896da915c3421,0.06596080602961543
lead_9850afd88f769fde,0.18623816023431464
lead_33bed921069008cd,0.12448700777294279
lead_655dfc938cc9b622,0.17335206283032836
lead_18c5401bc63a7dcb,0.26768139471444335
lead_96c1ec7c5b173a18,0.9946121475501463
lead_beade0732965191d,0.4857964040201493
lead_e66d31629ed38256,0.08679470997906436
lead_3c48b649bca2e0e6,0.3951891255407168
lead_ce889e11627afd03,0.9507841494598978
lead_09026cc843ce11ab,0.9513993731435743
lead_cea9494c410242ad,0.1330762514916776
lead_02cf45193ce53bec,0.25565150884184257
lead_a75e718421c46835,0.23103011090668002
lead_805b6143a97333ac,0.3920898293287607
lead_30ceb189c4f09b59,0.8591031166137526
lead_f808475fc4710c4a,0.5415326725570565
lead_e0ec70c5f2aedf97,0.29815160626855847
lead_b70f1af0ddf205a0,0.3734354396268958
lead_e654f98fceae3d38,0.11128997603541498
lead_103813ee51154c1a,0.5274786396314824
lead_9717875a6b9fafb2,0.1342470966353518
lead_258271f3594fafab,0.4374598139256121
lead_fd5a8122c73b3c38,0.7192299591628805
lead_11faff6ba9276a3c,0.1256147045432157
lead_006a764299996b1f,0.19901567376171322
lead_261b8e25095c5403,0.09253486638348203
lead_4c588e48daf1ace9,0.6534567407252989
lead_bd054a189c5676c7,0.956740032047683
lead_b8de9d01f5361248,0.09864496920771713
lead_44e284fd25871f69,0.395403537383497
lead_bc827023fee5e408,0.03450164465979774
lead_4d4998b84d491673,0.07398502752639109
lead_658ad7ed0a84de6a,0.03775777720710254
lead_892d302fcfb8b30c,0.4845429999168651
lead_c36c04796341f2c6,0.1665686563465704
lead_1f865382dfb73763,0.522179496777765
lead_e08869269003e10e,0.1917645589651038
lead_df66199674329545,0.45677884841155275
lead_34c566f7b61a07de,0.23664648188266632
lead_2d46ef949fdf6333,0.13040636377491557
lead_7ca76f135b565275,0.7334317290096336
lead_ee9d6f9c5fb1cb41,0.9545460777920054
lead_236467e3d6f41638,0.0685674994725604
lead_230ed858f51da81c,0.9841695385457316
lead_189c631f5b8e17b5,0.1704394431533627
lead_8aba99106aa54490,0.10695854517350047
lead_e2d2c088a88df1ef,0.41073628326670536
lead_e4e3df7007919756,0.9320536169657476
lead_8a088dc42679051d,0.7317855302990545
lead_4841b28a747d3948,0.12058620415392036
lead_ef9cb08ede9c3ccc,0.22292014792056303
lead_0ad481a12bd21c47,0.31897219415727995
lead_eba180716d1a3033,0.11087267846150982
lead_0206f673035ab668,0.9612094520023824
lead_0d94bccc1a6147c4,0.5256372315188481
lead_e2ed505e6cfa7924,0.5913476106935674
lead_fcd1c29855012de7,0.5077175634446918
lead_fb4a4be169b72bb5,0.19868340168088097
lead_bbdcfdd196d6f264,0.14026582244646948
lead_fc501ca2d917dc87,0.3386111245859628
lead_5415c2a4549ffc30,0.2248655290915161
lead_db10f2c76741e3f2,0.23320512725311868
lead_96ee3238a5608504,0.5724321452343321
lead_e43129e243a1259c,0.22372062545197946
lead_8f894c57641d9061,0.18489726388001146
lead_5491cba738b2158f,0.18321769929849072
lead_3bda571760af895f,0.49776329393783475
lead_5ba608ea62fd5f26,0.6017651683179556
lead_7384e12ec1c1dbcd,0.8013033662509373
lead_dd979b6cfccff878,0.29101014957217625
lead_0f3d22c9c218ae8f,0.6596283148171579
lead_97a62abf43b217a0,0.5271623977232197
lead_4a44b926fe64c47c,0.1686125426758327
lead_e4f5e3f91e367acc,0.991201053159633
lead_32867cfaa6c4e0fd,0.1787744177766092
lead_0d788c91f5b413e0,0.12726695984388245
lead_1425321ae446087a,0.23684938691316149
lead_b286d7b9b40253ac,0.32812507435427846
lead_c4a990c0138cda9f,0.4563563955065271
lead_39659df082a6dd0f,0.9426171724045463
lead_7441745d7a5bd4b8,0.9457266646081299
lead_7427c1f6ab508998,0.9045930173090566
lead_92e3884b30ae4d39,0.7601890395601313
lead_0f6582e7b60193b0,0.4536018677359089
lead_1bd95ba0718edc8c,0.37610534537804696
lead_c0099e24826ace87,0.14637543806198455
lead_ec4cf0ac40ccced1,0.45632102058740304
lead_97dd5f2f785bb717,0.061665200874967664
lead_532552f367ab7638,0.11081589046951236
lead_e1c466a4b56b3cf9,0.8381275732506647
lead_7a73afcfb92df1bd,0.2660510060388173
lead_839183d309c7b56e,0.15473569572306586
lead_6eb7cbad73a487a2,0.07983216390706706
lead_5e9d7326dc274c68,0.2545119335925395
lead_2c6032c1c1eb7178,0.9542388695035267
lead_c26654281dcb8243,0.9322375028749917
lead_eb230de4a459fda9,0.22225678426317377
lead_6a916c40bc894925,0.13675520414613965
lead_b3e10374bbd207ec,0.9777711150793414
lead_112e53bdfdabc25d,0.33739345335938303
lead_2231f93e3d497866,0.03462141485019669
lead_fbd84bd821dff3a1,0.2901763277053582
lead_f45765bc5cc9627f,0.3414583973599661
lead_c52f3a17e92ba0cb,0.23050127268192266
lead_c0e17b9c45ccabc2,0.843211986227825
lead_d715239cbff17090,0.2037066121921783
lead_a1ce64d791fc9adc,0.1008260402109243
lead_e506d2f1135849ab,0.4788166752221583
lead_78940ab56785988a,0.43036852995751634
lead_c3693fa43f622461,0.09626347522204494
lead_55fec96af0229ca3,0.11042941228192782
lead_bdb886ff091d6502,0.02770024302889527
lead_8834281e95badf9a,0.9560814601026618
lead_e65a9b32823607d9,0.9491356668742439
lead_3cc59a53e3a33901,0.15848969335629273
lead_e2e5b7dd61be78ed,0.7683662149957211
lead_1077e9f18ba6a539,0.13675791499521603
lead_b89b025fa0dfafc9,0.14009441821966484
lead_220da213f4f38dd7,0.6110167932108957
lead_4fe74da11fbe3082,0.819745103072814
lead_8f99089432b9877f,0.5445192102578865
lead_82be1b2c8f3ad8d1,0.3496207125405628
lead_79d0baff03b6fe2d,0.12519708035752694
lead_0059bae79a612c07,0.3807007770801165
lead_1983e52c5d845e51,0.10520442491974347
lead_9c801ceacde1a3c0,0.3280083067690786
lead_38973f3c9fec1a3f,0.2616986896790812
lead_e8806d9dc52a98d0,0.23705859995495016
lead_eafed688c7b7e676,0.19511553195549924
lead_1916bab28d067589,0.6923551806903904
lead_3527ff369a6b970b,0.21141163201820592
lead_f571ea6276f67f9f,0.15429233389247674
lead_aa9f92dd2f885663,0.9842125859484269
lead_2ac01862ffddeb94,0.18545307931693145
lead_c12382645cef7df8,0.9246597812282978
lead_8cbd0bf6b591c9fb,0.059196028188402666
lead_e80d70b2e4201d1e,0.41613494827005243
lead_c9a42fd64b11372f,0.14222550132129244
lead_a6d7d17284041925,0.22326004674379543
lead_4019d52501602361,0.08237612398482116
lead_2a496ab41ab12277,0.19062525169167918
lead_3915a9509ec2baaa,0.17946396689052177
lead_798a0c71be71fa9a,0.3631720767952884
lead_bc97b8c84e39d101,0.1592825642797468
lead_80c01e629b48ad82,0.2653074563584991
lead_42556949a5373174,0.7127709523731268
lead_1c754abf4e650e9b,0.07806340147183265
lead_9def8bf3eb08db9b,0.17220946069927154
lead_29a2a116ff39d65a,0.3454052712443312
lead_7ec182b3cec13fde,0.23262584025483266
lead_083fb9febcf08131,0.15601636060197996
lead_1c0338d4701c0753,0.22545861661896435
lead_edc34cf51ceade6b,0.3728830478466088
lead_af37cd817eef7067,0.9252880388497297
lead_41c952c8b4cf5fdc,0.0921077279681669
lead_73e935bedf687c3e,0.6546166171133231
lead_291eec7e7b7b72f5,0.6443255745184912
lead_643503ff47e83525,0.7486641459534759
lead_8072336d3498ffc4,0.20690774547300492
lead_4c52f8558030b12d,0.6667194314919994
lead_228ee77b67dc6382,0.223345536187458
lead_061e84937c0aee2c,0.07628021072202752
lead_54ac32325a9a743f,0.8909496569737678
lead_4861fa3e8a1783ee,0.3725787742477078
lead_5e0be160a600085f,0.07192302084725019
lead_7350e074ad0e3e57,0.07885948750152734
lead_3bf4725e376d618e,0.39990758912375224
lead_21f62a7a810c94fe,0.30052688981751424
lead_aea9b4ff7767a2e8,0.9760251023195282
lead_bfbb02e8f8ce844d,0.26310817195826997
lead_3e64d7c4b6feeb2a,0.27856748501203515
lead_d801b1ede2da52fa,0.37261098291199213
lead_5e0642f03afdedb7,0.09366730089817532
lead_f8eba28ef71ae529,0.26544235534770777
lead_18eea1e1a9143b84,0.3358222656518934
lead_17a903aaa9c241ba,0.4803186497270607
lead_d75e44bdfdf4d9de,0.6138261929579492
lead_b44fbc0bec18e681,0.11272200993076047
lead_82f490c3a41d0af2,0.2660668706520526
lead_1a24951468284ea7,0.15768567205607065
lead_066cc6484603e894,0.05312708933926139
lead_1d261ce23e8dbb7c,0.3951724152625607
lead_cdf50bc9aaa5f2f1,0.7455036619435417
lead_5cc0878834589291,0.39721589983515176
lead_c9272c7a9c5b0b1d,0.2029374127951702
lead_fb448a3670b1e84a,0.19605141360610454
lead_e92f12bbdebd8ef4,0.37796439362585255
lead_0e1a30cdcf8c31b0,0.18977416143853568
lead_48e31310410531d4,0.06509773844627403
lead_308461297d47d6c3,0.09716598584572046
lead_6a8f5b685459346d,0.17089160410146395
lead_c77cb86988c32857,0.4881233162207363
lead_32f360db6924c2fc,0.21716999241045842
lead_9acd12e78483f32c,0.16085957220499464
lead_3c842b7c7e60e2aa,0.7262196844975084
lead_bf6eaaf116ced984,0.4937397368896322
lead_f298ab807986b65a,0.8310252937661861
lead_d9d118458a57f23c,0.38045672613149134
lead_fb6deb65176f1459,0.14063956348128465
lead_222101720ebe64cf,0.2272325284560065
lead_e957a8615aacf912,0.09277852619937499
lead_cf8fe86c902cf238,0.9551293967535593
lead_d06b57a256b4453f,0.2155076506845659
lead_417fd48825d4f3c7,0.24351222380524798
lead_c79073d01e47e308,0.19427172375282512
lead_20efea01f2cbf586,0.1886437873119192
lead_7d5a9679bb06d2ab,0.4603128192119453
lead_b3768182f30af061,0.25006603786659837
lead_348e90636291f8bd,0.10835556478333315
lead_16f438a6075f45ef,0.27419319897484123
lead_9bc5337cf1a28ded,0.2536026087503101
lead_a0143546126fbc11,0.11202402120381999
lead_e0bbb816d374c866,0.3079401223891212
lead_01d85502391345ad,0.9413691763817478
lead_e20cf366a046d907,0.41728806529013457
lead_9bb2777da74e575a,0.17670766153091644
lead_c225626567df1b03,0.9933643497983065
lead_08bedd716202ea0b,0.21505242512631195
lead_771ffcd4fca34dc6,0.2201416794179909
lead_0f40cd50953436bf,0.3623588229166892
lead_22d2cf4c02affc74,0.2065779412265821
lead_dd73b16522e82c70,0.9581026071777187
lead_32fb33091b3a82d1,0.30169094797457613
lead_466b417bff21ae7f,0.21790067204056138
lead_a8fc2c01ab43535c,0.604738761509872
lead_c33df99836c67796,0.1156002416363599
lead_e8dd6cdad4430bd5,0.1523362191073455
lead_620f442013151903,0.17277195935274392
lead_5b56c356dae86228,0.21432276472765333
lead_a3aea56019d25249,0.07287392485228698
lead_cef55053b598a863,0.4043814252406606
lead_11ee506381bb8437,0.33013292578310394
lead_3257a6f18653744e,0.23245180717631755
lead_21dc43444c66b351,0.09260433850971128
lead_02732cc6ab9d63b5,0.3713214303972709
lead_0b9cbd216ca11c6d,0.185802068357671
lead_234c1922d78d21ca,0.1581086649068565
lead_88c6e9067619de2f,0.22919933325978045
lead_98ad24935548169f,0.8485716962724101
lead_c6551ae815139cc8,0.1333767137966809
lead_0c89cf582f2937fd,0.8103164228260543
lead_ad2822a7fdaea325,0.24463097567275452
lead_a22b5a8c701c973d,0.8731301452703993
lead_f6787e0856e6dfb7,0.16927560000949327
lead_2f27268bee547bbc,0.19070386806036402
lead_0bfbce142b51a29b,0.24536252077998089
lead_29e675e43a744774,0.6035574034435691
lead_2b0f8216698e382d,0.44842735092549785
lead_93d67c6c7609a2bc,0.6319420761865224
lead_593b241a81a44e07,0.5281203884759168
lead_abb8e27d46a2595e,0.7217629328646079
lead_da8df9efd7234595,0.6430856261635275
lead_8278cb18920e266a,0.25577250153643943
lead_8227c5ae038be0c4,0.9910274584713531
lead_36fb2bf5768545f0,0.34798496151310343
lead_1a0f37148cf6cecc,0.3469131505835718
lead_fac0f6b88e24cb81,0.6128754317557128
lead_28c1ae58ca0760e4,0.27147993009765187
lead_c301a52549bcb855,0.8974890882352264
lead_1dfff1dabeaf29f4,0.14772123136877716
lead_41804f8b8bcfd6b3,0.39659642647071663
lead_4eee0a2cdfa2d623,0.5784351011075661
lead_2d18f48dd818135a,0.543650464670402
lead_af4d88b43b7c8c06,0.14271685247467933
lead_5ad33bbe258180b4,0.9946965043618254
lead_b2ec4ee6687cf20b,0.3923467842435226
lead_b3ffb1606cb181a3,0.11455852200875294
lead_d4b969b22b6a8e6b,0.14727245692540977
lead_f176b370defc326e,0.2833748672856478
lead_f26574cf82d6c0ce,0.38292809992424043
lead_a8779555fb0103ac,0.25054762749330245
lead_0a160ae839dcbfd3,0.22725243041935728
lead_dc19eede4d20e616,0.31773475374500804
lead_c89bc85c9e08a9e6,0.6836180016912126
lead_1b2cac39d47283c7,0.08707042043195497
lead_5680a3191b961f23,0.510321533710859
lead_aa886055ae00fee4,0.19578427447912664
lead_069af462f66d5991,0.44517284935771956
lead_8da2817cf539a80e,0.43267100866236236
lead_aa06bf866457b149,0.27332010825077596
lead_dcbfdf9694f25b4d,0.06169315804115597
lead_a1647c455783e0da,0.07428508100111364
lead_ec81ab413d346c9b,0.12244970353959787
lead_6abdcc0c5e759974,0.4752827316900563
lead_5f7698fb6d442a1e,0.22069565171389835
lead_fdca14e8b4e65aef,0.21347293912587875
lead_a85e61fbb2f16aa5,0.8067544898709004
lead_a4fa817cd40cbcdd,0.06171486861550229
lead_71254524b1aea6b6,0.32137725194298083
lead_4f05b457ab856027,0.23893552045452304
lead_b57ffbc9588fc3ec,0.30151073790238564
lead_0bee166f9ddb4192,0.39060729501878405
lead_3c3be1870406703b,0.1283815800734135
lead_7b464519623d6457,0.29222554561737596
lead_d55503b1ae8edfd8,0.2893654446623917
lead_da540e6f8893ff23,0.47338649398341714
lead_c1c4b82b761d661f,0.17219569036957336
lead_ba06eb62f09e25c2,0.048609186082186874
lead_26c17705a4459271,0.4421260200503027
lead_d5e37f1c86b7dd75,0.07347538260344022
lead_98f66f6b6adec66d,0.40401135719451237
lead_76a84417f5e7dcb9,0.41806754378221017
lead_142e17f935a1da30,0.8462884664792217
lead_6fbcd6ffb0335fb6,0.13933817636582915
lead_9177aeb32d7a9561,0.14113232445365823
lead_ee44fe94df40a8dc,0.447009750729003
lead_fb235dafcaabc69f,0.35638703862639876
lead_ebc2022246d6b8f0,0.8049508852909821
lead_5d810cead2e7d2d5,0.9358647451604861
lead_51e651cda374dd58,0.05808319282102193
lead_1c1cc74aa68fde24,0.5389475049753627
lead_18b0c3b74edd6076,0.5655463139686315
lead_7a39e5254e8e9b19,0.6507283735814782
lead_19bc2978f328eff2,0.8169521264639154
lead_7f4287e09a59b45d,0.5039452454752816
lead_b6a06920b19daf9f,0.3427777728099745
lead_a683bf5720d99caa,0.6947761815275647
lead_21c61fff4efda00c,0.43758514893290856
lead_ae80ba99f56da7cc,0.6347335656722292
lead_55d6753271184c21,0.7185189909394608
lead_64c851d69a77ec5e,0.8207688292940185
lead_577197e2b3efd27e,0.6147042925262545
lead_d2dccb479b29630d,0.05405295983410064
lead_2d23f59dae6e8d19,0.9742082159070949
lead_ef95e998e44ed1bc,0.4139176642294791
lead_33ee85219708b476,0.43469769049372114
lead_09b58d41afb724ef,0.5016654122967542
lead_e598309aea102f4a,0.602978351253495
lead_f5994e43c10660db,0.7654653106815622
lead_1acf2de5ff1dd2ac,0.40457989330346167
lead_94ac272c7800deae,0.573191907270851
lead_cf54e848240d71b4,0.2203281527788321
lead_339f9c985d6da72f,0.19863177428507592
lead_b209580c4ab5befb,0.5460181922224967
lead_3d4c8a9ff46c1c17,0.9464656795337544
lead_10ea23a57d0cdd5a,0.09786293369348491
lead_bd2249dba6e6940c,0.19592143394683426
lead_925e372cb1194aef,0.48471625564078274
lead_5ddfabc980f0398e,0.042521303898932335
lead_40b84867228dd99b,0.4529160580049681
lead_5a44db82c24580f9,0.17399581610731563
lead_9c5f588dcc852637,0.69741453828668
lead_4cca3d083d408c9f,0.4900570533344028
lead_edf102f0af815086,0.9017642928216084
lead_5c673c12ef5659fa,0.09593398612186109
lead_9d3164b1a0a5e09f,0.5084637984071566
lead_e4be236b11ef8634,0.8523589141958249
lead_eb76cc3011185e38,0.1498260660761908
lead_20981244180218eb,0.10948422089687769
lead_c358b7db2eea5676,0.44511511291173117
lead_4ba87d384909b5b0,0.4047583884427424
lead_5fedd72c59c4c90a,0.4658963114773926
lead_2f802dcde7aad0b3,0.49613812685703174
lead_cc1746b9f3050328,0.2681141974183234
lead_1743378e2c69508a,0.23513008396222537
lead_06afe9eef8118785,0.06630760962813757
lead_ec13e44b5acf91bd,0.8640661443669105
lead_fe435709f1ea3e59,0.7606146735445626
lead_1e7ed039c3ae623e,0.7514692114795954
lead_049a6c5f46376db7,0.134541136690362
lead_63327d81d245d4d6,0.3165602201970664
lead_7afe61d38d5b33a7,0.20418934742562547
lead_7f3d149ad9533234,0.4571384402321422
lead_7812a392bf2bf33b,0.3279136136899756
lead_d33a6111572d3c9e,0.282416354899691
lead_fcb5a0328759a915,0.9815414013857181
lead_4de59d43728e4f5d,0.22655706986886173
lead_5e4a4213dccef700,0.20458916033764032
lead_a662819fccbdf7de,0.21465068641309035
lead_eb5a8f944c7a5cfc,0.15469559854878348
lead_cfc6403e082d7bf1,0.3157950487257692
lead_c5719e7daefae4c1,0.5430142854083307
lead_f4e70133d4b36061,0.9334796274300622
lead_461cc0235042b2e5,0.5724299968092805
lead_6bf43e4570b8dcc8,0.33594692968743894
lead_2c4fa4da16796bd4,0.10287688205719014
lead_80fb0a6582e76cc8,0.3746407770743441
lead_15ade89c673d42ec,0.0677325434436482
lead_b278b968e5873a6e,0.22254682084794494
lead_316fa016027dad58,0.2477309384166327
lead_b99fe5a8719c18ed,0.2409957379455451
lead_e910a0e4d305e85b,0.26973500630286246
lead_426139944294b7c4,0.10401651558848357
lead_5eb45e6ea1f2ffb6,0.6192064924652084
lead_4508f5283299bc6b,0.6118674525987268
lead_be9f81a3caae4d3b,0.45285874188138453
lead_561cbfdfe2324013,0.31323820361831495
lead_453531433bbae06e,0.17803465173666808
lead_c511ff880181b5f3,0.7132031090733495
lead_07703b8f7f34cdb6,0.21780056356775668
lead_9d10eaa7d11caf9f,0.14586334801990886
lead_c5bd8df4a4626b0f,0.24739223968982713
lead_4d4f95105b37199b,0.1850148034740882
lead_d04f48becbf79914,0.5305299160900357
lead_a436b81356aabe7e,0.09940716141981087
lead_8db531eb6527c6ee,0.38848761122627695
lead_df62eb34d5efcc09,0.1695330933666229
lead_ef787d2dcbc47d86,0.3810547860752919
lead_a4ed3fe3350046da,0.596859567921164
lead_a1a08041c7e87948,0.7542230306563259
lead_f6b440ee4025110d,0.08033130719954448
lead_9001ed230012da92,0.33823050165167046
lead_d78cde45f0c199d3,0.14593956033801245
lead_4e11817af057082b,0.9454650520129873
lead_0a700c8ca16d02ec,0.16917943083608245
lead_7a2d5428994ff6cc,0.8117566349586277
lead_dfd2989143d3c28d,0.9735045405763191
lead_3106e6eaa61e8baa,0.13283936814749417
lead_c3ba573da3dc715c,0.021677636933658626
lead_0cdc3bf03fcf5e41,0.9827694659316083
lead_d383ddff48143ec7,0.4922012483173341
lead_df956b211c03177d,0.15989709505921898
lead_638e9cad830b1578,0.3149309251071226
lead_07ed0f2c7acfa5e4,0.054960191665223916
lead_a2ed2061dba58746,0.5415218865542181
lead_9135395f2f01b903,0.31392344538068667
lead_17a758a574ac4df2,0.14835718774092313
lead_704c58dec322c735,0.5316780679895903
lead_46dc74f04b961ed6,0.46781632993815997
lead_20076e7c8f2e0823,0.13448763421163754
lead_78781b38267048a6,0.48183339726656405
lead_63bd8ee2d943bece,0.5994110556001949
lead_3b2e03ceac6a2e56,0.1503393780310555
lead_206e2511f5b8bea0,0.5938932953216141
lead_27bed5244770bf1d,0.48713832070411617
lead_38b3a3f383713dd6,0.23630773333665547
lead_660929ad93b918b1,0.6759788643180703
lead_a76eaa10cf5e8259,0.32473606415956785
lead_32a85359cbf73472,0.20829484714113375
lead_67b2d4620260e061,0.37784065701488473
lead_e43a2c49cb93804f,0.5299763876607609
lead_b14b836634861569,0.1920483134625651
lead_f69a9925137d271c,0.4111421903425105
lead_546e2a2d203c0a63,0.2605927461745979
lead_a88b69c894551e00,0.3579732158575228
lead_ebb527b52e1b58d0,0.20562111048258971
lead_a81ccc2339e411ef,0.3782864357367906
lead_800802233f214f6e,0.3674864969608716
lead_dad850107ff94192,0.565864369696075
lead_98f81dc1f4c2a782,0.783939723039674
lead_2b195316845300b8,0.2683517061735486
lead_81af1b54dbcef64d,0.24449721861564278
lead_fb3d3033368248aa,0.6419853632056526
lead_e24ddb579f641df4,0.32087937228302316
lead_a16d8bc0c7aa0826,0.41715508074772667
lead_4fc9cb2e2af27213,0.08956750284514804
lead_84651abceacffdad,0.5756591795746607
lead_8cb1d5adb2e90c17,0.1874519845125334
lead_892d6f54d3ab8543,0.13203416349737077
lead_c262eec8c973968a,0.17203015349115536
lead_a91a0a57e1fd458f,0.10961814047104652
lead_7e747cc19004064e,0.26325980882886646
lead_69b28d119b9a676e,0.4345395458409594
lead_46977f25dfff8337,0.974840078943858
lead_24e6a1f496de02a5,0.2714191206331082
lead_ed007e0585a54e3c,0.21674899562560956
lead_65c86b831fdaa662,0.31022571901153134
lead_536c18184ccb2967,0.38490319678332435
lead_2d06fc274cc7a31d,0.9593766949038808
lead_31e1db22df662839,0.32826853058012617
lead_1cf30c00be05941e,0.1177352161918871
lead_14cb137d78ce906d,0.24589100787711235
lead_2f1a343177db9430,0.7070483676904203
lead_db881c0191bc1245,0.41264589960121817
lead_482d834378d2213d,0.8223636884386855
lead_a382f0c8305145ac,0.35030156311241617
lead_9e734ed0aece4c9c,0.6916587008016464
lead_f196f2a263d9086d,0.9596883812244029
lead_f7bda17f45e7a518,0.5332121566093638
lead_3216acbe33ad89ed,0.9040044710422297
lead_85469154ef2d799f,0.5589816070926789
lead_733df7af023a507d,0.45895078081598345
lead_3f4bdcfa49966ed3,0.17592861771890736
lead_7fa571a040cfabd2,0.5424502958264521
lead_4b694ae222b0d50d,0.2887802601739066
lead_fa91d38fca4f172c,0.16520517489673583
lead_c5bc2066d8c8cd16,0.3529311279361898
lead_1e9cb3361bea9e2c,0.4451510400273548
lead_430959c8e7927eb6,0.28561024896950243
lead_ec83927a6ccd0790,0.45525708811391086
lead_5bf103decaa0574b,0.13473591504693297
lead_48e4446b5c0387a1,0.21533736868040632
lead_d6320651e7da028e,0.12654475398582635
lead_9cb4676203ec1023,0.5761084176961063
lead_99b43d9798a9b6f5,0.1396400817556748
lead_0d6c06ef8c79c507,0.16810419436686727
lead_9e29541a965785b9,0.15490476381045637
lead_e008732161b79005,0.2242985200495705
lead_6c65c3705169d5eb,0.6583435091333125
lead_b7d0da40b8f2cc6c,0.344136044445142
lead_d6dfbbbe0e450699,0.5311702784670679
lead_a23e03d9da91ad18,0.24534236020060693
lead_90c4ad6598c2d521,0.6967577452814769
lead_d31b4f2f20d6db27,0.9119723933175831
lead_1a6e4483d385b8ac,0.5259842370521326
lead_9a9ac6883ca16f4e,0.6546026980067929
lead_2781f49b6a066593,0.3306259975703239
lead_d18fb963d238bfaa,0.10325384264784652
lead_2b34adb6a7348e97,0.06476037780293913
lead_dd8ca9413c0c5a92,0.2549855578300256
lead_5d2460b210510770,0.12341812369077816
lead_d8fada0bef407a02,0.14825590050140433
lead_7a4cb11120eb39c4,0.28905497891091897
lead_563045dd7432d87d,0.1219088570581049
lead_e3a3ae61b744711e,0.33908586079023445
lead_5812ed0df81252e5,0.2486793747924133
lead_9efe27ac76882fc5,0.6915826908768409
lead_98d7e13eb60ed85a,0.180485714657878
lead_ea464db6b6d81148,0.42371303488422396
lead_160857c7525a1afc,0.2734991371171976
lead_24fb35a48ffc73b2,0.9921791201598397
lead_2ddd61791ceadb47,0.2647758383822598
lead_44b736fff9486aa2,0.17983536418681312
lead_6e099a71cba46c21,0.12630980513669524
lead_fc802c7892980f96,0.7815371774741012
lead_c04ba2e20e71e407,0.5723670236277605
lead_85b8a4ffada2b525,0.19027953532989342
lead_75db24260ed62fc2,0.3313725919508755
lead_c1a559607af8c8f6,0.21865403801339478
lead_b2d8be7bf1de2920,0.10274032430946166
lead_2a72b05b8d4512fd,0.1934528719284445
lead_c90d95db7a87700c,0.2170611389469728
lead_294b7ea4dbf02327,0.36573860169797
lead_bd6a9aa683b527d4,0.1148147426808261
lead_d11900d72e8f612a,0.11979362902099534
lead_948fdb4c0c98ea4f,0.16266224100588364
lead_94fefb1dd83daffd,0.3127177011910904
lead_b064d3f96796fc12,0.5860081460023424
lead_0f0126b142dfc700,0.38776668487834454
lead_212fd80d27cdb327,0.32727422093852004
lead_90dcf8ddc4668f5e,0.13224726904788245
lead_ff34221dbcefe721,0.1775701321183918
lead_f77334b04661c10a,0.08430251688755712
lead_96d0b47ef704ac6a,0.2521470031448266
lead_c40c1d59853e6c0f,0.8107502677681672
lead_7245b8c1b7a063fa,0.030048660232903965
lead_eea1be18e756d4e3,0.18255895478969478
lead_c943b4278a8e2f0a,0.330888078614866
lead_c40cd622d7165d47,0.6894909483114428
lead_27bd4da5e84e4be6,0.8758927631732122
lead_438ecbbb2a6aed94,0.12523843616911476
lead_ee40ae5881313d72,0.3729947247510433
lead_a6d5ce31be1a92ea,0.5776878686833153
lead_96f7300e19b6f8fe,0.23869850610435617
lead_5e17ad2d291082a2,0.09915352428465711
lead_080f2a2cdb241b0c,0.5684903418455983
lead_ff21f882bf46da7b,0.1065041215235943
lead_8f68aafaa645b617,0.317738148244852
lead_b59246ae346bd4b9,0.170605598223032
lead_f976e9aceed91217,0.23283919107673368
lead_9f5f9dc077078c12,0.4522836237595953
lead_6ee79bcbaca67f86,0.3008739272202409
lead_ff3acdb0b271cd9b,0.3417031351572517
lead_c502755d74810236,0.12725128755318343
lead_31b319e504defac2,0.19161641425447082
lead_0408e7361e6b6de0,0.7379142242887585
lead_f64687ab8f230acd,0.39253905545294066
lead_53e1e91663cd0ec0,0.612752947515752
lead_61f8c7252d43f8db,0.5981685482841876
lead_464b0e5cab140cc0,0.068900272035332
lead_22f2deea132c6988,0.30666408905801584
lead_ab10ac67007581c2,0.9541128583127599
lead_baff743bf009e1f9,0.20291627981892948
lead_52c464fbc917b8de,0.41014874081214764
lead_a12af6e44ceec34c,0.30665755291984054
lead_7d8d7ac783996c54,0.41129339326626146
lead_fe69be8efcaa50d7,0.5017583740158681
lead_54611fce48b07702,0.21072604757566926
lead_7e78633e4c7b6089,0.17550803835428455
lead_85fcc0cac7e28004,0.07639422900720128
lead_57be6aa7ed707de1,0.36978495681673657
lead_3152aa363a919a1c,0.6152987019443349
lead_ed025c6671538de8,0.3734867104718527
lead_1be81fbf20c1828f,0.7317074272905447
lead_989b779208e2348b,0.2766824300107343
lead_cf75e1f20c5609b6,0.16129540641912357
lead_b66c81fd178b8339,0.9178514669693545
lead_e7fdd141d1c1d6d6,0.11593894099448637
lead_59f6cb90d7d98a86,0.4446194211627296
lead_b62c966decfd53aa,0.26559098407334275
lead_fdc22b2079078fd0,0.6382275773080321
lead_6deed8f4fdab9bb1,0.31329544537106546
lead_5f83072362eb0631,0.12485239862636761
lead_1b1e180b47108bea,0.0395676518329773
lead_4bae5dc3d3ce8660,0.9970060596781174
lead_e18c28a507d17e73,0.22719868913902588
lead_7299cf74ba722960,0.2108179370802632
lead_0a02672bfb4dbf00,0.303564237182923
lead_317ecd76e7ee9d9b,0.2720024747046486
lead_6738426e22d8139b,0.653260939370243
lead_78447799a85ce5db,0.11231582055562268
lead_a3df964a52e93dec,0.10410085001485392
lead_f5765a6cd5784c0c,0.4025517166603261
lead_9f52f58b5d31c81b,0.2204841348209625
lead_8f86c9cf0144594e,0.30662352975000684
lead_ff7e12c9388507fe,0.42770749216371406
lead_0a80262074ace111,0.7391311466134134
lead_640bbe88ba572c1c,0.027928182208970562
lead_14b93aeecd2f8c5b,0.09669688503962941
lead_44d0e4d9fbeaf927,0.28906248648794014
lead_4b93d47be02ecbcc,0.40271525112538836
lead_fdac61e9cf1eb805,0.38816109882618627
lead_e09d5054ce28b77d,0.5126073330791036
lead_9c515db652b70676,0.5182041682270139
lead_e8643fba86b83ac9,0.04121571048649459
lead_48923f7de02cbc0a,0.22488042947907025
lead_5171413e72888fd7,0.33166850997874836
lead_713011a43f3b87e5,0.28925481605502174
lead_d002dbdcf6082668,0.21069115255578585
lead_c6e55ec1e3d61a2c,0.603236842261239
lead_5823155c2fbccb6b,0.04802079887057475
lead_4c32793bad500532,0.7047857057828361
lead_4ecff6d25d444ff9,0.2774569563956805
lead_8c8b218e071761cb,0.4280768551253737
lead_a19392c11184339c,0.12075903978113732
lead_54bf68783d77e37e,0.2391361076582715
lead_24ca43470add1ffc,0.27251523722348314
lead_1642790efb88b688,0.13016837216965382
lead_d36ee87b76c1f893,0.32225690353656616
lead_0b3bc6429c2394d5,0.23595293442078794
lead_0e47c6d196e637a1,0.1272531166402481
lead_a9d911a1a108fe57,0.10845712358036858
lead_39b98881626035c8,0.978814825445859
lead_9e4076554d2f7171,0.6822778367170793
lead_de25b09e6b6da24a,0.10259991779793072
lead_419104b1b1c29bc9,0.5305652893928001
lead_8ce684a7e104cd16,0.49529161557706797
lead_73983f4618c7c151,0.2846236509973589
lead_97faaaffa26e4241,0.2441580123435538
lead_0ac6eae7f569da8e,0.3466610956662839
lead_069bfe0eea112e59,0.9744976277341159
lead_6aae44d3ecf8cdcd,0.4351552935576178
lead_315d439b09ea9841,0.29337500387466353
lead_36fa0c9811f2d069,0.16887360017118047
lead_bf558ae971afa63d,0.2621100878127557
lead_1bcc0594a1eb6bad,0.5942232166858341
lead_3940f6e1bfccc287,0.31582981336580923
lead_b4e32f805faa6e33,0.27515212927181903
lead_cc3c2122eb8001bf,0.24466888661660033
lead_4f0f0aa7edb75ea6,0.294323801820151
lead_ddf1016aa47d46f7,0.5784020777536334
lead_fd64f46189a7a627,0.7183366652445282
lead_228a51470ce3b635,0.3191714390518893
lead_7046fb89eab34d16,0.2558621413486366
lead_cdc0feb7ea0deb0a,0.2777577136198614
lead_7ea70318c32f9bf0,0.37880644312585326
lead_b70f5a8680492af6,0.44797107890823296
lead_a85ab68a9d10be6b,0.08167997733849282
lead_7fea13b6aa87babe,0.16256744836060597
lead_744f9790c5217337,0.029842946766346263
lead_6f47fe6128e2a3eb,0.06222206824440309
lead_2611f441ab2547df,0.2323748146581537
lead_c893b7f41c361178,0.7371573941772809
lead_2e1cd850440529c4,0.2644743616560207
lead_c05332ecc868c7a3,0.08593322330229182
lead_a2122007af6ee157,0.7757391989289063
lead_c36cbad273530a2c,0.11198582785514964
lead_dbbfa11dce5e400a,0.480818955940093
lead_a5ef33ddc6a1ee6e,0.27392316055258065
lead_9c398ea5a2d296ca,0.33303065373597923
lead_92825d5a8132736b,0.14572480629313964
lead_2157fe71f82df3b6,0.21437918111612422
lead_cef846f5e034749c,0.29518917398718253
lead_1110a0270a709d6b,0.5448177188055623
lead_a51e3827beaab5d0,0.3423575863513791
lead_1e833b8b71bb623e,0.38828877007374624
lead_f2e3d17511b75038,0.3138938749831491
lead_61b0ab63c08aaca7,0.1317342203399856
lead_0e075ac7aed027f0,0.13393714035975657
lead_b3c5d368ed2ec596,0.40524217657480976
lead_be7548d74db87796,0.30643412009765875
lead_07411d59cce9de8a,0.08367616590121646
lead_8fd14b3d13bca366,0.5542589385371491
lead_80a6f41da6c8d0a9,0.13641253513617194
lead_00de4196feee3524,0.3741509128784821
lead_d865b7c342915f8f,0.4664609133300723
lead_6c258cf1f0213bb1,0.7745261667572731
lead_fa41bfc6c36be888,0.57819567512203
lead_6ee7587719f531ba,0.31406645258249966
lead_25679a0231480505,0.47390550501841755
lead_ff294b6aebbb9072,0.3373285076776775
lead_6237184fa7ad51c1,0.8987176740062339
lead_7ce6fd70df7cb0ee,0.4344709647945885
lead_0698d0d46d943b4a,0.4099516859596743
lead_754255c90566f391,0.07911930666991777
lead_7ca70e6f0e417027,0.33977754025185186
lead_5029198f8eebe571,0.2349866177296307
lead_4d80b864a1856d0c,0.7574164722870504
lead_006430ad2d1e36ac,0.31062695045228444
lead_314424f7ee3ff3eb,0.6176063229626969
lead_06b8b2d9b0e16fde,0.35119161595442955
lead_eeef28318eced1ba,0.20732211101958029
lead_ebb54a9376985f53,0.7724643730199913
lead_69db6bd955b98ea2,0.5736052574482154
lead_6fc7c4b1ebfc691c,0.09263823745963627
lead_74a9d9e50b125274,0.33044082605750713
lead_cc53f6c99ea83167,0.22861971737197803
lead_08e8a776f6572ffd,0.3486072482210798
lead_f6939f091cab5656,0.16794331129323972
lead_e9d72e596bf5e929,0.2667976396667813
lead_2aff820e8dfc6210,0.2989360179550545
lead_3258c0909ebc3462,0.9185227917005242
lead_42fd4ad79b6bf346,0.14493309939871626
lead_0f8ae79dd13da055,0.3252489388030651
lead_f9f9abb3523d49cc,0.15355834239017582
lead_59a16f0a17c4b42e,0.9660459564383772
lead_9420f710d4c512e5,0.8763198166854806
lead_13e3748c23b98bec,0.21289519115621958
lead_ef7609a043597507,0.5101391740131996
lead_d88e361f623e15a0,0.25095710986042885
lead_3c5258d80875c64b,0.08557781761303594
lead_7e4e86e9f9bec9f0,0.09824473524653114
lead_a3e7c1b21023578c,0.30364762532882156
lead_fbadeed9282a3c91,0.28563690814076564
lead_408014ed06334ebe,0.28118846580255824
lead_70afbb4bf4abe18f,0.4194422510999036
lead_aa107e7fe36807f7,0.4853069821035399
lead_58b9fc4099a8e55a,0.37906560440163545
lead_b7484bb407d5dfb5,0.20059773654560173
lead_c706997bd9cf4088,0.22217588315135983
lead_90e792f6b8d60050,0.0731016494026356
lead_fe379183eea16e6d,0.04079410456902219
lead_fd7815957d83d910,0.4578169720539626
lead_1cd631f6d42deb71,0.06008935247682492
lead_574f7c3337051326,0.531751260505506
lead_b0101d28845fab30,0.2256844047777126
lead_d2505077e73f33d2,0.14213771714927992
lead_8a5db9c79c9fe9cd,0.6951978005573167
lead_ac06e9975f210431,0.25871306807566846
lead_e62b301e046b8460,0.5396928158900233
lead_8aff220745123b7a,0.6682903012092293
lead_99fc4b6bd6bc03ba,0.33271902521133995
lead_0762fd9372e40612,0.7666006446737285
lead_d27856ad5c455784,0.2663451886386064
lead_e5c64d1c39f056f1,0.8028482475163066
lead_e656470f8e2fd773,0.060966130062509595
lead_4a0d5c73c8629255,0.6628041822921548
lead_34caa03a7c8e5035,0.12220758461526345
lead_71ab503704b99194,0.18552569436437824
lead_872bc7d03fde64c8,0.46240696607520104
lead_5427d8cabb17a2f6,0.044761028567647125
lead_0742a1f9a2a7268e,0.17374730725752752
lead_85b1b828bd679354,0.5202465906701393
lead_99cd3943dceee636,0.3117024713119274
lead_cfba59d61a76e806,0.4995523307534226
lead_dbc364f163bb586d,0.7300250404681331
lead_5919b1564f074565,0.0837597461605427
lead_29ea1e8e739282f2,0.29704684936281256
lead_76af3709c13fdc49,0.2605113248782583
lead_1bfe8c701226187f,0.5276508301830377
lead_435afffb2d1c1205,0.07651498884375395
lead_c1950fe2b09f34b0,0.1833492428359541
lead_275920015f542c21,0.3566582238146598
lead_c36d9ee347b2ec40,0.1640822106015664
lead_8366b1e682aa0f8b,0.14039327503886362
lead_e85855af4f83b2e3,0.27506302217704315
lead_cd279c568a8747e9,0.9561784900253384
lead_6300446a984e430d,0.5272369170493674
lead_d41bb26732caec8d,0.1926296032993862
lead_dfd2fb2ecc323ea0,0.8133724103505139
lead_28ac8a28debb502b,0.13372005160559816
lead_d2e407898bd93e97,0.9806117603703833
lead_d19ef367b7e5a602,0.5555530996955983
lead_06a097527ea24f53,0.07521367667912433
lead_3dee9b7de211d6e4,0.9529889167939237
lead_3a5d3c73f4a5df24,0.1327851072777186
lead_086e1ad65de340c3,0.3075674075570813
lead_48982563e442388f,0.5579962625666633
lead_657d5be8731f94b7,0.5208438177391149
lead_83cf5edf67fc6246,0.23385133340759348
lead_d498b2efb6ea0115,0.25017043647083975
lead_bcf0164e68c4e604,0.2020962638681405
lead_e953cfb5383916f8,0.935324238759009
lead_6c46b4bd1114b842,0.1667405688461887
lead_47d45fbd1efd8883,0.03980921457640945
lead_1e6a26a22ae00242,0.3501563111066601
lead_fff5b16a9ea0f97d,0.12823904419536583
lead_266094be97553059,0.8620350304494959
lead_52cb6afbf881c878,0.08379943419260881
lead_ed9c876bc9ded41f,0.4834696254417185
lead_29c16f85dfb91b5f,0.7525367312428232
lead_ff292f92162f4283,0.6446286823383934
lead_092f60705d3353df,0.46200597799475157
lead_4c21651cc1971a9a,0.5945179714782876
lead_684b6503a7d488f8,0.10718053747553807
lead_f26020a34413edac,0.19646121911605496
lead_19b0cfaceff4e9df,0.0825012568792023
lead_26f4eee2ffb6b484,0.6039348729149984
lead_3d54eceb08ed23df,0.17475282258264632
lead_3824435879141974,0.7769888845339402
lead_6388d92462504291,0.24204237418360772
lead_b00904852c9dfa15,0.4260471708392492
lead_936b67f381d5a887,0.3631091985297548
lead_b0d87cfa495b10e5,0.2219718159256069
lead_d028c65224aeebe0,0.1229132989289225
lead_5c03b24b2c5573db,0.12528489586762748
lead_461994b87f354d80,0.1505967407352043
lead_e727d631f07f8028,0.5519063263591485
lead_7f9e140c92a353da,0.49321732205001445
lead_cb77a3e6e214659b,0.056527038355525555
lead_03163e798d9f7741,0.237351334626807
lead_816d77b28cc5ab5d,0.26198633972364815
lead_a213a94d59ccd1fc,0.4284394986789994
lead_70b3d3e74b8b750d,0.267274297969042
lead_c244d53129edac70,0.06775467193505806
lead_1408f16e218e695b,0.6650047243325014
lead_c734320468313c0d,0.18617246869501525
lead_5eb5f84e59fd644d,0.23837938549686358
lead_8e307d8437ba5b11,0.236965107563197
lead_0d4707a724617e7d,0.31876002021009164
lead_b9e0ffff8e31657e,0.9766500239918484
lead_03cee575427f3f21,0.5263683068074616
lead_6184f4f9cbcd1d06,0.24349872975843087
lead_f31d7eb7ed170dc6,0.30366456330957764
lead_da26d57ebd5f38ab,0.8551094004912821
lead_0166a989a4443862,0.17255796084481412
lead_f7dae5c3d8257d78,0.5180169796097188
lead_2d0d1f1e018d2ede,0.11032768326465921
lead_20e9993ba32b546d,0.3878979763888408
lead_1fcaf8aced66a490,0.1684860384903463
lead_408ec230b74ffe9e,0.42398104691003646
lead_e7124cc2bec63113,0.9164301835980438
lead_031a615f590f994f,0.6671360388993031
lead_6639d110d39029e0,0.11789836876991738
lead_3c7376a691555355,0.6846670540033107
lead_ca829217ba387cad,0.24677568749531908
lead_1ade1a7c10abce51,0.4141274228505781
lead_b22b7e595073a18a,0.11544529210240063
lead_d9e353b8b9d49993,0.85130194198467
lead_3579e483443c47b4,0.4371053301012369
lead_046e0c43f27c8957,0.3061404139407492
lead_291852da7958b47a,0.18452256392947075
lead_e6d88844e13dd56c,0.255639357021112
lead_b72dd8b9ae19c334,0.8022916724668369
lead_9858004e4c888bd4,0.753479038449589
lead_4263067d747147f5,0.2219689447786023
lead_1989d052f49de83b,0.5427438910988029
lead_cefd7c187d41d0d2,0.3552881994221169
lead_7aa042a43fbf71e1,0.08112697350946935
lead_c7f97d91ad5c43bf,0.261695674492935
lead_4a58b00891fa4e04,0.31661900051943065
lead_7c6a1d1be49c80e5,0.06482338643975703
lead_2589544dd7ad20de,0.7094769593242919
lead_b13208f44058db84,0.8215241364611626
lead_427e10bd9332ae5a,0.23666011196541123
lead_b541410fa6e7b2d8,0.37047881267001426
lead_6d9e94121856ecde,0.08452628531863572
lead_b3c47fb19eb82b2a,0.31428405732980996
lead_fd18f936141b6223,0.6171465579233946
lead_1750b3e0a9e16580,0.9073845316801954
lead_a9c2cb2a01be0df0,0.40959371487985363
lead_c4cda5f6b910e039,0.23491528471135936
lead_12b0fca538adf79b,0.20408929635691345
lead_9968a92a4eb01c6b,0.2198277497902116
lead_45de33a67c62a137,0.9851081167056913
lead_fdb56b423ad132d0,0.39955075588649186
lead_3d629f4540b317e5,0.2082387306579373
lead_214cb177b351d3e2,0.5352869244340369
lead_e5e027d14f461145,0.07698536839191117
lead_bc444ceb0cf19167,0.9164938611018171
lead_7cd622d9d8f2cfa0,0.15889089314305996
lead_d6ba058425b1d8c9,0.6095419219293483
lead_e6edf3b30f7971b1,0.27872157243857953
lead_1ebd620e37433512,0.25747598421135287
lead_d07e73f17c0bbc53,0.06869405964265547
lead_ce3933fde8935adc,0.9597678911876003
lead_1ee12e125e269121,0.26951029607216376
lead_4270f995fe1849f8,0.21075501243736636
lead_ad60e853090e6480,0.23587697925449713
lead_abe0141170c038a2,0.08197320584949423
lead_0fe3bf3eeb096d26,0.2822090652913133
lead_8ee8590f0b9196f2,0.06359393659265683
lead_f41411c06aea6ec8,0.04119734756428974
lead_796f94857f455c1b,0.11801152776878825
lead_0c7a4f6d0e4b2e8a,0.181096562944558
lead_0c2d6dcb81538165,0.07313550847867459
lead_8918c4329048b750,0.7768138757296504
lead_e11e09eabce78596,0.1615972981294049
lead_e09d571e24b2c619,0.32841474961443334
lead_f25367709946b0fe,0.217363448131303
lead_d42d84e5331b8591,0.08404126447816711
lead_d36d4fc026caa257,0.32687308900593215
lead_e29366edd9a11924,0.21439470250753723
lead_b670bbfbf6a2e58b,0.1654584086794342
lead_6cd3ecea3d2460f7,0.9790202059241938
lead_8b982fe39f89f2fa,0.6585743607444418
lead_bb83e044e849cd07,0.16838839940551273
lead_4f52b47e31169f31,0.09684813587398645
lead_e90b0ba858cde8b2,0.34542502176349227
lead_f9ae471b3afdc2a6,0.9988079558999425
lead_b0fdf0dbaae7e0fa,0.5822743789339156
lead_872dffa569147637,0.28029530381035617
lead_b7cc4c5aaae509d7,0.08436333425453413
lead_6188a790d2f7bb72,0.6568422896803693
lead_9b49f96d8e13ed82,0.18841032029589033
lead_f97d52766cdde48d,0.43991526745655696
lead_16ac4b89972f517c,0.1652738923350666
lead_a683c2e9e68de5af,0.09122264109215604
lead_3d14e6d688d76282,0.8242998345523832
lead_9abc3756a6971c5d,0.20190530988958724
lead_fbb6922f7e4f5132,0.20578875271255995
lead_e6c771906b056a5d,0.2563644395221211
lead_7ce07da579dfdae5,0.08046051993735616
lead_adf2e4867895929c,0.5390629767816076
lead_1c675e668c096da6,0.2654280392453181
lead_f92eb6bb1590b469,0.6398288673878688
lead_ae71e046f7fe76c5,0.1856174961760213
lead_f77edca35a87dcba,0.11812568711241772
lead_cccbf5e5b9278e4e,0.049518594403923644
lead_746122ab74e8dcab,0.8470005854804029
lead_cda82af9436847df,0.4249127363601682
lead_2b34b1401bf33828,0.1368624899585575
lead_2d055c35123675aa,0.25310926719803706
lead_482fdbd3084041fd,0.37905225966926687
lead_cd06e065f5e61c1f,0.24366745839171622
lead_7cd42409e25f15a3,0.13457374233478633
lead_e910efb7121743be,0.2325015187125585
lead_67f4c8f52aba1f2d,0.17623496042906286
lead_242eb5e1c57c2c95,0.8799218333321522
lead_dadf4c9b29ece2bb,0.1705010413279687
lead_5346cfc8472ff786,0.2579396758455165
lead_b30566d7508f8802,0.14543844497883734
lead_fcd7ec36568a4561,0.7292191752060986
lead_a19a49813652f9ab,0.10472768178869309
lead_086161f34183161e,0.2532816151492107
lead_07f68b335d16eeb5,0.1384189277276327
lead_2accc0d9d8b4791c,0.6284831042103495
lead_22d486c2f9785bcd,0.18452221867953203
lead_6054f0a99a01f89b,0.3058698519080059
lead_27dce2b6c60275d7,0.4493536600701413
lead_d73c2ff1b12eee96,0.29307284937984396
lead_4d013c3045716441,0.09228691761524861
lead_6378449369c5db03,0.1218720846948005
lead_641cf8e2121d595c,0.385948363604164
lead_897cd341f993fd50,0.5274172345438918
lead_8371d57ba7aa2246,0.8198582972349064
lead_0d3d2a5c91246794,0.11888093283597222
lead_6aa29e305a5df0b7,0.13562279160196003
lead_95483f6dd2845970,0.12806772205780567
lead_50076129f571baf1,0.39900681470536076
lead_221d727e3a70079e,0.6215089804222932
lead_a07abe25fb384e12,0.21247813285921205
lead_99b3663b91fee49f,0.06040289063071406
lead_db0bed10519990e8,0.5517473901936608
lead_9fe63a16d1d888a9,0.10099721596574925
lead_2b6342177d910939,0.48202245888526635
lead_2aabaf2651c964fd,0.13230573804627035
lead_48e9fc9ec412a3a9,0.13020179368054088
lead_b8869e4988ca8eb1,0.27033205725584725
lead_b4ce51a1cc6d3f2c,0.20176664617266404
lead_2231d1451eb34fa6,0.09055215866534128
lead_3c6d5e62f16f3469,0.12120491605887534
lead_0e0c7e0f6b82410f,0.5194211772078418
lead_43de4bde68fe99ea,0.2835019903787676
lead_cc1ad30c318b5742,0.3117969925613518
lead_fc3e0ab166fc91ea,0.3610152960734449
lead_2c15e081e21be35a,0.7841442706834122
lead_e6a26c5e37a3d222,0.6760813172836131
lead_68ae555d1e83cd9f,0.2785420885714252
lead_332b335a7b214617,0.2500491716949365
lead_5176023c09aeed1a,0.07142299625776735
lead_4991231efdd40bc3,0.9530177620293401
lead_2eeebf1f7c612660,0.4140255894367632
lead_a00c1a4f6aa2db20,0.3800503053559799
lead_6896f5578f53bff5,0.14357150060840532
lead_5c7141b839481d13,0.42447675917709304
lead_211b84803423a1e9,0.5438718366103833
lead_bbadb2304735199d,0.7854819316528626
lead_ad6884190914a366,0.04792447021346157
lead_3026fc493236f0d1,0.9874405723798655
lead_655a4169fe4e6a1d,0.40127279495857726
lead_45fa49c6bd127bae,0.2541048041254855
lead_2cd43b02152bf642,0.2790391011285463
lead_0d177482941d50a2,0.0697821845259748
lead_b08d547761a89f4e,0.3338072845844892
lead_508bd924c3c84dbf,0.5871881071701284
lead_fe1befbabc51e6dd,0.3469447617025028
lead_ebd9407a03c24456,0.25172312922554846
lead_a64fc80cc804acc3,0.26755565033851236
lead_dbba942b08416ba1,0.3120082715441607
lead_ca063479245468c3,0.21022997371353414
lead_2fad2030fbf7ed8e,0.06408873145051333
lead_56a316e79820f463,0.19860072910737567
lead_2d0777c78011e4d3,0.7626052280062262
lead_8d97daad528fb490,0.27486527751321016
lead_b8138e8118b04f80,0.300666726204832
lead_5124a3612883f11b,0.9495210801889057
lead_6bc1cd9eafb5bfd4,0.2155968725076857
lead_187a9fa49ad4db5c,0.7263500392748301
lead_774804f5fcdebd11,0.515190954711641
lead_afbe8d25d4c456dc,0.2898543041550388
lead_6f720adf8da30f3b,0.36376008044212454
lead_6d3efd53b71daa8f,0.3850880031221071
lead_133ed7c64afc2be1,0.1521179687783114
lead_c47fe9329cb168e1,0.5021396041905696
lead_82d92990640bcc9b,0.4273902972804465
lead_6a3ebcd7cbf1614e,0.5940575063855792
lead_365dbd005da96cdd,0.19597316464622358
lead_34b13f169e636215,0.1593417415882845
lead_75cf508742f37302,0.12943307010611027
lead_563d9760543c0903,0.7521602859651124
lead_e048b734a7026917,0.8387868720151596
lead_6f93c3aec4f98b6c,0.2684397534087682
lead_2a67f0e035888e6a,0.3152699087399687
lead_0fdad44085318221,0.24274146971580376
lead_fd46102bdcbed3fd,0.4899364857773523
lead_bce43e5bb1503532,0.3125950809472517
lead_548bac7337208cc7,0.36154491475082295
lead_f20141bdd55d2b05,0.4764588244862679
lead_7e65ea68290b6b8a,0.3068482068093933
lead_337b2f28105fc9f2,0.16010322146714917
lead_9966fe81ce82223c,0.7340527550616347
lead_b37891c4fa605293,0.11345071244600134
lead_901fe60afbd41f0a,0.251387782423312
lead_9e2c1b3c99f3ef36,0.2583025636218285
lead_3a6a063a621c8295,0.6159578417033366
lead_47af8cf64f6f73c7,0.05840051126200082
lead_51cfcb658a75b2f2,0.9228134249023433
lead_998f52ae02794a51,0.19192003167069813
lead_1698ae1daab04f0d,0.4957943792198541
lead_1a36d7c800a5ba8d,0.167269729612353
lead_785b5e9a9e550a46,0.38005624046172864
lead_ee9e75931af9d3ac,0.14964172411168467
lead_5b00cef7e49468a5,0.7999585136963105
lead_16a083bcb210b4fb,0.3148812882440486
lead_1edbc15d31f8ade4,0.13636934781543492
lead_94f8ffbb91d958a3,0.30814694311524393
lead_57236520e190f86b,0.5940692827566987
lead_e845d55ff5c47c99,0.13276466289125974
lead_5419aa01175ae51c,0.7042146024738042
lead_f6de4977be026fe8,0.3758756906575708
lead_fadf7796a8b120b1,0.14442522503284336
lead_39528699e296dc01,0.27775125425581354
lead_65f984f93caf9e4a,0.539864604964575
lead_d0b8c40f3bc64a76,0.20690200993963925
lead_f530978fbb37694d,0.3229617240275322
lead_fb87c7603a4f33cf,0.5327774495058034
lead_79d90923c5d43917,0.8787876393102559
lead_35b944090fc8eb3c,0.25245583200330207
lead_d03a94aaee0e5043,0.0706224410865763
lead_4db5a7aabcd60b57,0.18077503019411087
lead_32972aefcd989836,0.08347367007282709
lead_29bed64ef3cf9c99,0.16834578901316258
lead_c0797ef989674525,0.3155760291592556
lead_3781ecf55d3b06b8,0.216040243851039
lead_d6b2043591419d37,0.3074282994183677
lead_108df78779f9be97,0.6440758579858524
lead_a46fc8c7caa0fc94,0.6671407862551119
lead_29937d177174791c,0.7472886652272047
lead_5a392a49727060d7,0.2006610756750724
lead_c6de90ed4d7758a1,0.5058218528031065
lead_a5ee345327f04003,0.3127080223936202
lead_1371d996c70bda7a,0.19386229219684148
lead_34d6ac20553946e5,0.11345587714100669
lead_40b1116fbdb9da9a,0.12902185786924023
lead_206c2bb5545fb752,0.5625260204187909
lead_f227c44fcdbde7e5,0.39196814533715946
lead_3affa20082d26243,0.5862174061667975
lead_855374aa78f9a261,0.37880188279999355
lead_e36f77fa7d343d1a,0.6591268092958816
lead_3be672974fd8a091,0.28570010183814504
lead_84c6744eb356ea99,0.38418004962527474
lead_cc881b2a3af824d4,0.16081880391035705
lead_3e158af01bbe7be8,0.5666185940013952
lead_577b01f0b7b9560f,0.06628994051187818
lead_7e480167377ffc3e,0.3282342876857605
lead_0f1774198b433c74,0.1270003680348877
lead_4848971bf48017b4,0.22927243786554466
lead_811a4bb244e207cf,0.451363161244213
lead_79d351dcb015315c,0.09228848047916555
lead_1d882be84726a501,0.19211709204544394
lead_6425a27539d04391,0.3282444186328042
lead_e62ae19f0ff3a36f,0.04552488153526609
lead_73885b9764255a3c,0.5742559687279264
lead_ad6faf4af92efaab,0.0806545531857089
lead_a7c4b96c040867df,0.8876006526610428
lead_9be973eb566d2283,0.11510623318005415
lead_52f2108aefce085f,0.21145008932630457
lead_9ae73643a4d926fa,0.3720617280916679
lead_e270b46861a0f825,0.8045563297622325
lead_4d29a49bba89b198,0.5245064462336498
lead_a1d142485027ee67,0.6238858746067187
lead_81cf996e905d1356,0.22514597123194427
lead_fce76f0c017e72f9,0.1318352656134002
lead_c672d7d2d0d3d1fb,0.16043725937162986
lead_16bedf831c180e7a,0.22166493100071386
lead_bec6cf03442e86de,0.10744604559257794
lead_5b83ac197d0e8dac,0.3948734911201704
lead_afd0a02bc9db90b5,0.2390692292000167
lead_fdcaad543bbe5ca8,0.1283558266575389
lead_488e85712abd38af,0.20649670893852626
lead_214c751464c40073,0.07916544932665791
lead_ad0c3ed85c41e54e,0.6744911701844538
lead_0eac90c6a20d0b94,0.14782819779861567
lead_a650b849d7751529,0.1979537677461171
lead_23bbcd31cca80b02,0.13084247173583521
lead_b84f57eb2f731c3e,0.6293492588858407
lead_06f2197c0c9a3b91,0.1274567078201139
lead_d98ce115148304ec,0.13045166213367457
lead_c7fe244851f6694c,0.3349339043049007
lead_7660429b2a555015,0.13624869662944658
lead_b82e0e3c8a936d2f,0.2954669413248268
lead_1f583afdb02b6d6a,0.1131218320253865
lead_b5773e8bd3a01127,0.7410221669394835
lead_5c5eb3df6eeb1924,0.293580234753787
lead_f6d200b338bfc2fb,0.4665911760671329
lead_5d17c2fa4e79b75f,0.4416165222224797
lead_22fcfb89b6b9a56d,0.6713143028549364
lead_050ef0e5d414d820,0.4241007736416779
lead_0376abbf65594aad,0.5424650714185365
lead_e59711f8f7e1edb2,0.1297412807486096
lead_037dff5c70c8d40c,0.17612215342442883
lead_1b2d3ef042cffef4,0.5542201875261589
lead_807eb32438babead,0.6363422481843614
lead_9ed58f0c7c77aa9d,0.12532016548179678
lead_330e0d8847d5d3b1,0.5897362326328784
lead_c3805d72fe1ab954,0.18779197358298308
lead_33efe639d913538d,0.2803511124736844
lead_c23ac5b05db113de,0.1391135104849525
lead_38d59f979eeeae86,0.45185761206638847
lead_eb7a12fab8b928b4,0.11640232682627595
lead_75a260d71c6bb552,0.1805591857906412
lead_385993ecd41eb447,0.9205383339070242
lead_c4d2950a2e6151d2,0.32472068250838604
lead_d71e9e35f32ec912,0.22050517549058588
lead_79f7ef3b4e8b5dcc,0.616752476089609
lead_101e9f96b114df3e,0.671767432712442
lead_0573a4c9282f42d1,0.6910926176342471
lead_0251329749aa4057,0.2801438612559233
lead_925144557ac29238,0.1605576235712967
lead_18924ad2a78aff0c,0.5887068830157153
lead_c73ef5d51bdc76b1,0.08770831620199952
lead_a91ca9ce9087651a,0.659720465754666
lead_38e19cb00f58aca5,0.9053818042210882
lead_244fb7ba304f61e5,0.20675195383093734
lead_d5948975acf36a2d,0.1229111814952144
lead_6d1a38925ab1e90e,0.11423616385513331
lead_ad0e00ea503aeed6,0.3388825049876229
lead_9994a6f1d4b25e86,0.4229217255036353
lead_fa02e68b13c289fd,0.13601664958465115
lead_d83602d9f81604a7,0.48085325271191226
lead_bcf7555d909e82b2,0.5205701786573176
lead_f9b5b847c5848938,0.03570010859425737
lead_7a94cf5646fb054a,0.2976583385081645
lead_6989feca3b8e5ebf,0.20306986262911383
lead_78d7db8c28b7f086,0.07685810880743771
lead_7f8374a7bf3c8cd7,0.29930348367606785
lead_ef0e08141f1414ea,0.14552477444446688
lead_27a581c3e9cb988b,0.9630001105789495
lead_f0b0666e0ea51eed,0.6677440904781364
lead_055ff35d5df5bc01,0.07349254677900202
lead_1bc5ab72c8ab0bb2,0.3908477382464151
lead_8c0d90e5dc0c2896,0.18029551454221235
lead_a987fa9db9940bf8,0.6350104155193962
lead_add613716bb0b6f9,0.2328056341940328
lead_c731d6ca5b6930d4,0.38352706199951614
lead_fde84a9851b456d5,0.09988888105082383
lead_5aa3f63d7c3eb063,0.39987853761699704
lead_b00d38973f805704,0.2884760633960721
lead_680baa690f87fddb,0.18672466011076527
lead_077672eac1fcefc6,0.16034065250610338
lead_bb2bd1b38d4dbb86,0.9934395325321058
lead_908ec673dcc45d39,0.2861121213436012
lead_c4b534b443683589,0.428487842898648
lead_cc1beac55b6fd45a,0.3313851016765757
lead_fd6e7f25d201c582,0.06647152558148839
lead_5713416a2b66119d,0.274372182655527
lead_14c953b8a74c4922,0.12545313486975304
lead_6f1668ba6d0e973b,0.7542709825973843
lead_38accb91975a731a,0.2899981322035667
lead_e9663e1632d0a4ee,0.9645516418718535
lead_09c0fb6bf1c7d87f,0.17428359342344532
lead_bae18987a68f6129,0.5069511555001421
lead_90c60d16a788bd7b,0.2771947093543538
lead_944cd82bcea6c4f2,0.11388059780851671
lead_9d8f6dd1ff3621a3,0.4988973400487045
lead_8e06ba5d65d3a277,0.10378815635559384
lead_7e4e485c2e2c10ab,0.14082597603760036
lead_ba83066b45e11b81,0.19241425414390734
lead_e5d3a92ca29a6663,0.40162451789403203
lead_86f36b1222d55634,0.15189754780401024
lead_c11524a62b4af2bf,0.11856263925366291
lead_03cb7ec3b633096d,0.2430705215138617
lead_4ba1f72bfdc9bafb,0.6163390094675384
lead_dea9fb63f76e153c,0.16100329226300747
lead_79bc7ed8e0254836,0.5415263696513343
lead_eaf830f353c463ab,0.802136287033596
lead_31d9f27534b8291c,0.08338127887803316
lead_fb3e869f9f4b87b8,0.128214241670957
lead_79d8be3a9ea6ce78,0.3113113789977335
lead_7d3803bb90f3d6c3,0.10178899601112418
lead_c554fd931bfd2e7f,0.2724500962620337
lead_a781237ad442a483,0.908565072788074
lead_85301d46bd5b7c3d,0.15852344381028918
lead_0b2e11aa8643e128,0.3736167527054411
lead_451f383e288b4649,0.2683640875149627
lead_219252946fc42d6e,0.18639247339103257
lead_e9fc2b1fb529cdfd,0.3750438887613124
lead_59143a620d43e424,0.3043681515478842
lead_2e40e32bb62135aa,0.23538872065034658
lead_cc32cf73f89cb937,0.2570339770492435
lead_cdab1008284a218d,0.047754537568558915
lead_89bb7d11143e1fad,0.5979523805717493
lead_27e84ddeafa9acf4,0.23331761933950898
lead_1717f42634ef5436,0.24389905134287293
lead_04a28ed32bb37ac1,0.15752984151873028
lead_0f6ffd47407cd032,0.30162984977543206
lead_b92166d6ea87bcb1,0.10317092036221087
lead_7902926ea3fdfa71,0.17702628966862263
lead_a9ceed73a708658d,0.22371716010995005
lead_1eb0add2dfe63d00,0.9324502351469314
lead_31b7d004310e7dc6,0.17785760407024165
lead_9c50da1b848b7113,0.9912236694156484
lead_e11404cfdd50ba60,0.2732958330710231
lead_8773b99ce3c10f2d,0.7054643741821444
lead_1b4e87a6b132b8ab,0.21287082024169027
lead_159d733045691d06,0.23260998615988396
lead_a7bbf161aadfbbf1,0.4240050963957536
lead_7f37503bd1e613ad,0.08726118478117689
lead_fe35bc83019b8fcc,0.14842828876162903
lead_16a3c9a2c503df70,0.22838270799509117
lead_cf94a92f0418ddf9,0.887359525996013
lead_8369d9f4cb726bd1,0.11830934040691589
lead_b51c879080a51cf0,0.18991278748990315
lead_dade9cd3498c54f6,0.06209459133338815
lead_b76dcaf018f0dd13,0.09001442231636313
lead_be372e1f68c76a99,0.2950721084396391
lead_3271d962318fd015,0.17118636935331066
lead_8cae6a494253aa3d,0.11240901022618315
lead_b9d0bb34342d7b40,0.8278409219543305
lead_8023d363b8eb4436,0.1771869895409526
lead_d76cb62390eb30f5,0.04332030832553708
lead_842a5f388938838a,0.11211876336182847
lead_c9325571f1fd540f,0.14432952849040664
lead_5b728903a0771f7a,0.15095719666644777
lead_1e1429ba84503ef1,0.2972501631878683
lead_a52de40d4cf04313,0.5770250645891439
lead_6093f5a0c2e96ff0,0.140986390904763
lead_d4c24a9098cd006b,0.32847312013370383
lead_ca61eeed7d0dbb13,0.17453741544392376
lead_2a2b587f1ea48474,0.05174445427730248
lead_c00a9d4bd1e86a1b,0.3355118802429073
lead_205712cc88af1c85,0.45615209916588007
lead_865fee66eceac645,0.23067264116628305
lead_4bc0f692b36ed584,0.41233038218828594
lead_02c8a058c490b45e,0.12246043481855896
lead_43eab057a683063a,0.03417697240982378
lead_838da89b950c7e58,0.9015685733120954
lead_ab4d3f790ddf53ac,0.7515956835525284
lead_16a6b8af32e2d4ae,0.9888855871006795
lead_dbf4720550a38880,0.3357944194872608
lead_0f340f00d66d67ea,0.6899845788470743
lead_f5e3141c7b3fd139,0.685328183132869
lead_d9970ab9dd76f654,0.29943334268420846
lead_8c3a3c5255dd8aa3,0.5035527439337281
lead_3e45515bfd066a49,0.08113043966745836
lead_6b2eee0bfced8a93,0.17348083941137007
lead_67e4a26849c659c3,0.18944721148516905
lead_0472719435319fec,0.4051212645806577
lead_436cb0d2222d8b58,0.17297587712576112
lead_43df66d131292e90,0.5204080931368233
lead_6362c5ad47efa57a,0.1357321043017172
lead_1c564c3d963e9c0d,0.33206409934884235
lead_28a9e3d9c1c64d54,0.15042630465086027
lead_220fd9b828dbce8b,0.5487035233875343
lead_ed14c8be6eaa9b37,0.34145914446911046
lead_7b6d8e5975831592,0.6372472365468372
lead_cb9c4a718e2166cb,0.22767683537151742
lead_5804f55e1a8d8ce1,0.29335984992435
lead_900e115e32b011b0,0.19006558702343257
lead_f6ca3bd4a1dd1863,0.532013390884574
lead_3e2ac0a26be73da2,0.26204995860276054
lead_3b90e8ee87ec4dab,0.16156062960910653
lead_8b3ba6e8022f6e47,0.7504331031626083
lead_b1791a42fe7d14b9,0.34592328994828153
lead_3fc324efa6ae4113,0.25308197192506854
lead_b6d1d6d2cd4e476a,0.09846392164387856
lead_cbd41536b3f30a5e,0.22368604326056837
lead_bb1996fe3a5056b7,0.08487222780292526
lead_5922343fbee525a3,0.08879574315602547
lead_f3c4b774591a315b,0.7029686622268573
lead_6df0f21cd49f8c8e,0.7701797815779171
lead_0b7574d1e5892000,0.9306167857645891
lead_0365df75eb7b19d0,0.8520095395844289
lead_adcc9106eaa40f1e,0.360747763170239
lead_d967a85342398fd8,0.27338846807364714
lead_d260d1b10d25a110,0.25296930332080797
lead_178b34d3f7ce2595,0.21380562344876633
lead_b3886fb10fb75963,0.7243823884137718
lead_2a7d8613a381430e,0.13571573810275891
lead_d3309a920ec0bbaf,0.4126896144398522
lead_06f65a0479abcbb8,0.21734013764799745
lead_fc33c5aa0393bde6,0.22995911422455947
lead_0294a3af6472fa7b,0.12025977802225146
lead_29dc11377e66ae7b,0.04071630839261652
lead_38d4fc31e41514fb,0.07123659178618198
lead_80e57b9ed7be6388,0.09523945877981134
lead_8c9cef82351b2efd,0.29013124506392635
lead_62f72d812bf42ed5,0.34295895924845987
lead_c16934ca9444dbb0,0.25654597293928755
lead_49f514a3c5552e0d,0.2767140919821746
lead_ac67307bf04218e8,0.21368517837742487
lead_88a4be051a3469a7,0.5338084077074589
lead_638d9d731a5b95e6,0.3269218354794897
lead_ff6fcb702a62666b,0.11312072437967007
lead_93821b2a0e9cd302,0.40922490574809983
lead_cdcbddb4dcb90371,0.23447530984400897
lead_051bd961ec898162,0.16831035016547968
lead_3ab98f153ed2af7d,0.2694669535358785
lead_f78530e2151cc526,0.5371360180221182
lead_14caed3b98eed2db,0.22138586606245114
lead_ff62125d5dcfd862,0.29264947389764673
lead_297a0fa8e5166b08,0.17741606195957463
lead_6f1379966443b45e,0.974677896604068
lead_9bd0a78c10973a6a,0.17476299300320772
lead_d229abecaa3df847,0.1626277922614072
lead_acf1442c1399b3a1,0.9421031179834154
lead_dca25ca4c9d779c5,0.26214886433190115
lead_52fa3c6008b78237,0.9553982036303262
lead_70c9b1ca75c12bbe,0.15361120963118072
lead_a4b7b135d5d46b8d,0.9234128266619845
lead_8b6055179c021656,0.29858626385957937
lead_f51b15ba651e500d,0.17399326975696672
lead_797e84f92193d460,0.3693742773110315
lead_5ec16d54cce51e36,0.14287699660339462
lead_658f11e664c197c5,0.9670607130834771
lead_fa0785f32d768c34,0.2536908295658501
lead_430da0e2147d85e7,0.16481823208038002
lead_2c61cac603bdd898,0.15809990624694728
lead_70f8cc40c7f95c42,0.11647472903594325
lead_e627032229222bf4,0.24900232980586887
lead_e0d348ada99a550f,0.1721828901062834
lead_6ee0eae05dad3a19,0.5462137364681229
lead_6b9c9b2244072348,0.21697009111910115
lead_738508c020f40a32,0.37071766249041466
lead_0b898874053df578,0.27404702512040297
lead_8e3799fffee4bfcd,0.5050042081515768
lead_11a036c55a14abf4,0.7073496673577306
lead_33ab627a71ee9bea,0.21013112142989174
lead_53dac4dbade41fe9,0.1121365482633262
lead_9f3253dd5fc2dc02,0.1908995619977729
lead_a33e91b911d36b0e,0.07982149185278743
lead_d7fe02b749cc520e,0.47476512156683487
lead_eeafd87a212a2b83,0.21423335112845454
lead_694c1b91979c8d88,0.37321738177329716
lead_8406e7acd619f002,0.07271742343688246
lead_e4d156fb9c738eb1,0.9935179520202811
lead_c1a0d1b4b5bae008,0.7768703053395064
lead_e1ea9a37a775ba2e,0.6599673089980996
lead_fb2f318dcc0a9e91,0.048809164022590334
lead_a2132ba7800cccc5,0.7883585305831171
lead_6380940b07e3edd9,0.18124802766981118
lead_18c22487950fd360,0.6771764015952303
lead_51ad7bb0dcfe2538,0.9244260980294857
lead_1695a8f7b11d7f5f,0.5904568202785562
lead_d94e2c3929322b6e,0.2224712833978889
lead_85c295598f7050cf,0.21991148966706786
lead_dd51fe5c4a6abbb8,0.18565956217228352
lead_5713d4783853344c,0.18805344398817692
lead_75beda06da0a3922,0.6816069223518793
lead_b724381baf3b8d22,0.48767718115785835
lead_a4271d2eea68fc67,0.16149219116664393
lead_03a328d5c9765e60,0.3843410116093606
lead_b7763edd2a2e11f5,0.8762556504382727
lead_64d8e2165561770f,0.5041821914469468
lead_1828eedcc67555cc,0.2094486739824426
lead_80b60aeb1cea3567,0.2709206579316757
lead_1b6a40f8ae81aa97,0.08438267905322477
lead_3cd17ddb74f4ee39,0.28624089787477097
lead_6f96a5be34bb4d66,0.188070211646951
lead_f0c88ea52d0fb516,0.11287872618386936
lead_15d7d7b4d51bec29,0.2138960165276607
lead_86bac8c788929096,0.1463448281969845
lead_b5be891cecc3cb0b,0.812276509332064
lead_3ac75f6a4dbc912b,0.1433169022324963
lead_207944a8c46d3a9a,0.09731317588249959
lead_d2987c7a934a9994,0.1454833194398448
lead_e0ddeea5317d539f,0.5533444549478076
lead_7014219c8c240ea3,0.2788142113591361
lead_19ffcfd4505933db,0.21468271651911575
lead_3bf6b6919aa27138,0.20878347716958454
lead_cad61d8ffe522973,0.8376659600346974
lead_50b505eb829bf4ca,0.615691034998021
lead_200edf5cc89ac752,0.09900572942678694
lead_ab3d089d3c3952d0,0.785967235995578
lead_0b1c0c1af17b1b2c,0.3014044325417094
lead_b90010bcf72c534d,0.11274934308346235
lead_0fb7b7af304c32af,0.025580505034738927
lead_bdbf9a793916e83b,0.11947249808178023
lead_37f88d7a6a8e66ab,0.34632946261159
lead_949f4c15bb8dc870,0.07813547665190812
lead_3a5634c2e367fcd3,0.4277948105047881
lead_97396f1f0144beb5,0.11137752596439117
lead_7c08f8fb7243d8d8,0.20734828032261757
lead_dfb98a049b2ff826,0.33107804173075234
lead_757fd20def5e879b,0.2941001163322785
lead_46fb0174cc778249,0.6423976914915325
lead_75346c273b272766,0.09351110146474989
lead_34bed07068232806,0.5601584510937305
lead_2467834132bac286,0.6645559939168368
lead_32a37e27c98f18c8,0.42816999766129443
lead_fdfec61b950b5e9b,0.12104100002427838
lead_88121e8c02f55cc8,0.1333076716191305
lead_684ca47873b32865,0.1817529574897403
lead_cd3378353c3291e2,0.6272982849163081
lead_45eaa0fe91c56704,0.11612692963298164
lead_466a7177f9b22211,0.5113744426140477
lead_ee6cfb098d5d4e5e,0.09064078381492761
lead_40784c8bf83b490d,0.6579224846242194
lead_0cda5c569337dd54,0.22978760340138102
lead_37ef71b3abf4a4dc,0.6937256049666906
lead_f96498c19c70321a,0.7358852405806996
lead_aca6b4abab966bbc,0.19790060165610515
lead_4461b728f9a1df09,0.4952100687003245
lead_21e1e2d88147ce61,0.33862854309480744
lead_6d76a1cab5040791,0.3880916403670265
lead_7439175ac98bc808,0.5983939672847453
lead_154e67465f44d574,0.6523174793211021
lead_3807077937a3c3cd,0.1399234864739672
lead_572024451d1ac61f,0.18656529558408277
lead_1a0afe037398ff1e,0.8693432881817816
lead_3c9b8d0d10995ebd,0.5024210769799787
lead_549ffcd5326208df,0.3147593879794117
lead_f28cacf39d1471cc,0.17156939769710822
lead_c20dfdf7b4948d7d,0.18355002640982418
lead_0fdb8c4a59fcc63e,0.996247818031673
lead_55eba8352c702141,0.649173038502811
lead_bcdc10e04dde5dca,0.19902195967200084
lead_8083d1cc75e73cf2,0.156285524585182
lead_52a557fd2e25b1eb,0.18692551176740424
lead_9c2f7b4d04b5d8d6,0.08045664171320428
lead_c228fccc5a5bd979,0.5032218393423001
lead_5e06d66117f24cde,0.3651309940373036
lead_2eaf54c13760d7c7,0.9635602221987054
lead_342892b7dcb1aeeb,0.6713581397571526
lead_6518dc23d624f7cb,0.6153182258502311
lead_8e94704401d24ad8,0.33601307907106487
lead_06b422c84010d276,0.517844704747125
lead_117d7dc23a0483fa,0.1398405589681214
lead_f24da6d1d944155f,0.14154343611565526
lead_382e22d77b7460ad,0.7055560633247238
lead_1b46f3864ca217f4,0.20284973829583253
lead_042440679890dde6,0.21091919756219893
lead_22b984660a0f9f34,0.8342746303474261
lead_b492871734ee8654,0.7209207655630411
lead_73eff95f19024a2f,0.17654302996568294
lead_2a301a19f2edbeb2,0.42350107977133283
lead_c53e7bac569af4fb,0.4364095821375584
lead_e7a4efe6a7c34ae9,0.13148163934003512
lead_b7b91e86b4f8f8d0,0.3604413162239965
lead_d2fad626a62f6aee,0.1712139034706436
lead_1cac41970077f2b9,0.15484585760092365
lead_367fb45cfed80397,0.26314674762864565
lead_d7053e5a3a3165d1,0.47276453645235533
lead_bccf437c32060fba,0.7097560913402851
lead_a225d6a07be602e8,0.4141773660647689
lead_dc6f558a17e8ea2d,0.08818645967621037
lead_b2b0fa2c2848dedd,0.8354169215795829
lead_540f62af90fac71f,0.3066264348058602
lead_bf214c4f1ae79ad5,0.27416755568963763
lead_4ffa6d2f18c05362,0.09544685714013185
lead_a1f3196626721a43,0.32238072388946826
lead_27f8135e4d18d8ff,0.34723290714980576
lead_f10751823facfaca,0.2485544075630929
lead_8d06e6dbe5ebdd14,0.10649473172478689
lead_d531ee1a0a1b8541,0.18075691951116388
lead_cae7c5272d6007e4,0.49417842941370776
lead_7567fdc6c86ee03d,0.3534431708866088
lead_704efaf5e92054f6,0.5982136198674838
lead_e290604e50e0f66f,0.42782494168302
lead_7fa8baccbc67c702,0.4644324787808903
lead_9cfe9948384384bf,0.35724468077598565
lead_d1276938b659d292,0.060459053669271096
lead_f71df947e272710d,0.2682883508219219
lead_bc765cd6f1258db7,0.20158569398682832
lead_46ff8f3c9a41ab32,0.10003748125681212
lead_5fabf6fe194fad9d,0.6358667503121687
lead_fb656152cd2c6749,0.49758668016320756
lead_3b2f869f504de537,0.519225347502351
lead_c78e13f1dd4b5baa,0.08283491002397651
lead_e8bdbfdc3a9a759e,0.39750224061330663
lead_685ba731c0a27a38,0.3728847585959154
lead_8d7200e2760dd585,0.10715950314604937
lead_8b534275b37c2a3e,0.12320561579729045
lead_bec994c095c0d62e,0.4776891753347905
lead_f23c4c843f478991,0.24430830785226107
lead_7ef6a89892d70112,0.11451480770919463
lead_df6f3c3c0a5304b5,0.09124815276055588
lead_074079c6fca0d7cc,0.20982252183049632
lead_57f20a007869bc5c,0.053785220846768976
lead_2e5eeaf8cecf1cb9,0.3077204415536126
lead_d420114667e6e0ad,0.6244918294627811
lead_51fec5a8b5b64123,0.05754361723849096
lead_3a3fcb044fad15e1,0.5105777130653283
lead_34fae10c50a9baca,0.11602773633484509
lead_b58af54344f682a0,0.15367579183084676
lead_b574f6fd2cffc71f,0.2529768578005505
lead_23448dd35c2cf894,0.6185868185100313
lead_fe42b46e1eb1de6e,0.34466757304823376
lead_91bd46ea922038f9,0.5619846564248184
lead_099f0535e22dcf69,0.2339514811585022
lead_4b0ef7c5f8851500,0.7083062631858974
lead_6a6851eb898d2c36,0.7110772176279582
lead_cea18a1914694c11,0.3142574610976194
lead_60db521f7e781bb1,0.40887731040618447
lead_b826448f53f7e082,0.8652717157999218
lead_5f1b100d8a661d06,0.38938160774571823
lead_469a55ee61ca8e0e,0.3973062799540335
lead_ba86b840819577f8,0.19582434700772547
lead_e347e10dc381e8fa,0.1370388605753262
lead_6f65df65c203197e,0.7305885330148744
lead_735a3c49709fb0af,0.8413553358087609
lead_fcff9f0c54f86d1d,0.7944951294707713
lead_696581dfd42362a6,0.10356879608032023
lead_374e9ce2cac18b4f,0.13854701793998617
lead_a60097fffeb3dbc3,0.13223934970908904
lead_8441cdec376dec34,0.09560061172666516
lead_1be5f51828e6adad,0.07155560703021073
lead_865a0a236cfd0138,0.2175737032108488
lead_1cd54d5969d664a9,0.697776597799439
lead_2f6bec79434e1cbd,0.21762630480953019
lead_15e42f23860a2c49,0.7275854327598482
lead_c91d56f6939972c5,0.6410694452950723
lead_e830b47c6035ab15,0.5075690115951217
lead_60a203bad886bea5,0.3393914784943301
lead_09883649ea4d9385,0.4690925428212869
lead_e41c034eab1592d6,0.12043945322874088
lead_af38529fb37893a2,0.269861049926023
lead_ff206e2a0548484b,0.33525809982942784
lead_7edf5ff50111a639,0.17738211349169145
lead_30356ebbf9e915bf,0.3973603814101703
lead_49a6877fdf223f56,0.44354439241858135
lead_e2ae64d346688d8a,0.034306018115398386
lead_9fe4bba4960d502b,0.38246642957289084
lead_3ccd210981e94c85,0.9474263155848991
lead_b6cad1ddfefe3b18,0.5958119548513356
lead_12e9da2f7bb38d3b,0.5949950237926606
lead_f839248db74496dd,0.6025614093994273
lead_44582c54d100f227,0.3949389190380839
lead_3772735b798daece,0.3632451024404461
lead_121890ee052f4236,0.6272281047738816
lead_610581e8a202742e,0.30035650026042193
lead_8dcb905d32107dbf,0.16688200782561546
lead_889bd089cb085453,0.8927080382933775
lead_3580da27be09eb8a,0.45811693852902374
lead_3b56245133a3e1bc,0.43216020159283075
lead_80ba8ea476b663e7,0.1736717647773762
lead_66f5fa1b1272bdd2,0.5685643376781752
lead_4f4856b3c5cc80c8,0.2650996026747245
lead_f401bd3bde707919,0.206940096026165
lead_0538b9b9682aa295,0.15987344941910495
lead_0ae4bcee1964372c,0.06526288181840713
lead_2ab9f173ccc72e1a,0.26230955478288437
lead_1745b523269d6fb7,0.46927733656985154
lead_1d64e42f6942837e,0.7491198592567967
lead_68f61ecb78c87c1d,0.07529395816134657
lead_8552d7320b584652,0.553690450846474
lead_27e2fdc71bbe6cf6,0.6150391080898213
lead_05c7f2d1adea99cc,0.2759653858885739
lead_95cfb559aae9d704,0.11275358815856944
lead_1f60dd283beadc20,0.3683647435230994
lead_fafa28a4cb585368,0.775389364343527
lead_bb3a58f7f62f6daf,0.41740636770038747
lead_50a3646c19822cc9,0.9207055386231775
lead_0865ae9279499836,0.5489975894505922
lead_d77b4e5b5a6b7d3e,0.5697295604279148
lead_5b89e187d73fa6eb,0.35237342620975487
lead_f8f5e82ed426271f,0.6107072184153169
lead_fd2b7b665a760613,0.36461405329211577
lead_60f6bf4ae760477c,0.1369911109997475
lead_4da2e974f89d3176,0.846168089691667
lead_64f135b6eca3f425,0.23922432118007628
lead_071f8dd7c220ed4c,0.36920915347175765
lead_67c063bc2ec99416,0.1790899002170789
lead_ef50622d98678c53,0.28754960919316414
lead_1fb8b62c65a57604,0.13821442654767765
lead_526ededd9eef3a7a,0.27437233392514176
lead_9374311015183255,0.05593067760127531
lead_44cd2c109b6c94f8,0.04623130067147444
lead_1ec64940b6cd97bc,0.09448692952908523
lead_0a058b45f9db0871,0.9954014649877078
lead_c8b3e8daaf8bd709,0.18971492116746422
lead_ee6855f6f8d99446,0.49702493923553376
lead_5f47026e3a981870,0.23438539814251644
lead_1d3819a4f3cb5a1a,0.0306224458464326
lead_a0b5a8f1366489fc,0.2596183177905697
lead_320d155cf7977d1b,0.34748296843689613
lead_a928d99b06274526,0.6291373157546353
lead_f21548f54aa95611,0.09667429299306311
lead_273b9e010fee491f,0.1427620689080187
lead_16a536ff0a3d0aa3,0.23344914865028984
lead_46724353c7d1165e,0.3068379298843525
lead_5b29990188952f57,0.4109769052516852
lead_3a5ee1619aa6f1df,0.24699153560005138
lead_6c781235149c767a,0.20623126434985029
lead_00dddfa3bc19bcfe,0.15638012088678335
lead_d21822300d51312a,0.14732165745669176
lead_ebfb0cb657f30a93,0.5194154812670225
lead_7ea383f0860d18a6,0.2665317232790132
lead_a08ce7349d221a93,0.3308740085204187
lead_a7f0aa9f827a86e9,0.28032294253729795
lead_02a72b4bd520fa76,0.154960382522924
lead_17d07359bd7ddf7f,0.02312863661365376
lead_0818f1cba6a0c9f9,0.28704561523334166
lead_c3e482670b2920be,0.9640616103907019
lead_9b779b8306c7c716,0.2782651120628062
lead_b7c57ee0c6b1b178,0.010369782856603884
lead_069d3a92f7594b29,0.5511327349948784
lead_55325c162694bdb6,0.22928025148920725
lead_8482ca78502adc29,0.08311884466607443
lead_359d94290d42d9e3,0.20655479471855395
lead_6887dc7ba8d35e54,0.1240400771119992
lead_0b7455d3e9249dea,0.331301702531843
lead_7fbb744c8b0875ce,0.3001128927308038
lead_b4dfd881fe29852c,0.09252878095201307
lead_939b592979aeda4e,0.33795742299203085
lead_413f0f5204a4d28f,0.2502123323968522
lead_e34132c22a81ccfe,0.6809854692315391
lead_e797f8fef491d615,0.1496421150593802
lead_073e0407ffc379e0,0.513305180415005
lead_8f65e97420447c95,0.35123073904195934
lead_40362b3c1cef8e15,0.24535516353275597
lead_ced58dd1cea25a33,0.9658701522809956
lead_ae2d45e1c84d892f,0.8740717153348591
lead_414d61eed07632ca,0.11596414051126502
lead_aad48aa6aa882150,0.9628581840544058
lead_2a8ac621d8d0213b,0.9057724560316922
lead_3c29514aef98ec68,0.13301161612785653
lead_01ea7234f5caf2c5,0.22572647764207884
lead_9c76721d61d7d399,0.25001331738431426
lead_a852731c8ef5e066,0.7221033296261886
lead_3ddce70ecbf6eeff,0.5664446861967074
lead_4218f9ae59751344,0.46073958443402024
lead_d75011621ff69482,0.7356061507863186
lead_ae2235819365edf6,0.30361291037094956
lead_247020bbc6da2158,0.3426035586609359
lead_94890d507c408b59,0.40743126064414165
lead_479ad69aee3def2a,0.49123454766141467
lead_a26b4fffb2a67e2d,0.07951167545574735
lead_9ed6857b207c6988,0.1139107922563772
lead_f57131c35453865b,0.13344128457475035
lead_cfb9d2255eb4bfe7,0.12587726617260858
lead_cdf9025b3214d399,0.1723311947542321
lead_84f68290d43bb844,0.13671067761554348
lead_793724c70660d3db,0.2355211560438244
lead_ca0699202989feaa,0.34144513504601975
lead_38a47d221b1784c3,0.09339505771747274
lead_6cc12336e9f8db4a,0.057956922022375075
lead_336bddc89e5c53ba,0.09226903974441486
lead_41bb3e63f51c09ea,0.3047429002404816
lead_7165cb35ba123138,0.11675313905289157
lead_acdebb7ce4afa081,0.18552341951899157
lead_559fc292b285185c,0.34509024806915733
lead_559856ce138a9dc2,0.3312873861433904
lead_f35e199fbcf1384b,0.4163812745829753
lead_73ad64d2b1dfe0dd,0.21644469204106906
lead_300ae770f11f5222,0.06429535862972986
lead_0d6fff98552ccd4c,0.7132786900756338
lead_2ff67949faac6692,0.09832401071405018
lead_333268dcb9b5b306,0.4221961832889442
lead_7766fe02782f4611,0.08060670480625955
lead_8cbdf68919d694af,0.06054152012948424
lead_7a18062f00d0a7b4,0.17356211927284004
lead_60e1f80793732f11,0.2753265652485143
lead_ae56e58fa1922e86,0.3541175437792823
lead_361d0a6e65c6abf8,0.05734600950850274
lead_5fab14383bd83708,0.6166127508933983
lead_98eb5b0536cf3ab8,0.23145572210827392
lead_81f106b05b38a711,0.446900967382227
lead_bc59a8a1f8569d17,0.16344087715354744
lead_b56091b770dc6e0b,0.5159991002252879
lead_736f697dbe6bafdd,0.14118461764313342
lead_7280834b95e5ef08,0.27202666787068014
lead_5efdf507909ab198,0.8385850339030201
lead_449ff5fd13fa97c0,0.1340905273103247
lead_f1941d73f8eacfac,0.4646911636450948
lead_33137d27ea8fb8cd,0.050456988602732955
lead_68623c4a53928ef5,0.06723316360349259
lead_4002e2b4f05f1751,0.4266918894899996
lead_8a46a316c0d2675f,0.07398317533220211
lead_2b2b3425a7b7f47b,0.5678164724053499
lead_6cb9f65b0778cf4a,0.08763936282003937
lead_6ca3a140bc3f7dac,0.23448099120420926
lead_136f2527eb1ae398,0.5867511305375032
lead_cc3eb2f768465a8c,0.6585351772761975
lead_8a19cf772d36fe5b,0.6641630630100451
lead_066506e1cdaf4046,0.22652770462482774
lead_c7fe11c6f6d81180,0.07247546156847427
lead_4b90b7238fc691f1,0.22346757679557447
lead_259b310921322c72,0.3675717155773381
lead_4662abcae5d77a25,0.43353828939851774
lead_7a8f2522e9f3c0f1,0.32388928284120405
lead_d57ad1620fe57dc2,0.41327361200577
lead_8afac42f887e00a5,0.18490218355827778
lead_7c9f419a67bb72c0,0.1724385392579999
lead_afefff577bf71b41,0.6765683470246516
lead_6ad885991b83dbc4,0.10475049738069903
lead_4213ada71366ba3f,0.21727393631763858
lead_f10b1a9bde94d26e,0.40297495896523544
lead_0862ea98bcb81c41,0.5339147993076468
lead_3c04f6ff5d8715e5,0.06990933414431565
lead_825f235718e9092f,0.366853115939966
lead_14ad8bd3866d559d,0.2536876868748286
lead_17b65278a09abe07,0.09336022208219906
lead_2ca463e54dff902e,0.4213076066261719
lead_b89accbf2f52533b,0.18104301802037925
lead_bcaf9078454fcc80,0.8380514840373235
lead_f932d0f2fa0610e3,0.1246402022785959
lead_d734f1d94297c5c2,0.10120691764012517
lead_75e5df6cb388ec2e,0.1504165440741834
lead_dfe2096673c35213,0.2756545392933108
lead_d26f4d6b8e467251,0.22380043542558495
lead_6e5410c8e46f8781,0.2433001151954356
lead_4cb41d4eedc589fe,0.031343734500858055
lead_3bb2a95cf8757cc9,0.26753924215811303
lead_a313622c075c4e4c,0.09797723774840032
lead_38e10ec3cda6e9b4,0.2130919607378454
lead_241e1ed00d4fed29,0.8393137793375597
lead_faa32dd1ef3858f4,0.3026934603768875
lead_3eaf083ba86ffed5,0.9258451746119257
lead_dcce0a9874c7327d,0.37957168237278377
lead_38fad6167ff92d37,0.0346549243100012
lead_013372fd01229023,0.14062129599468587
lead_6b7ed83a3a2980c4,0.3025508628293137
lead_42dfa5fd473b0bfd,0.2533982977238335
lead_ed46a5920eeb9171,0.5364783144964383
lead_591abe7199fdbabd,0.9713042837852205
lead_67c56fb483194e9b,0.3308272661820378
lead_e208d5cc92caa005,0.10652621254705112
lead_8a1642aed2bc739e,0.5379428358873871
lead_149d8c730856e4a5,0.47874656927140896
lead_060ffa747b2f046c,0.36188154152661123
lead_49b39772b17f47bd,0.26286299968993293
lead_d04c5b153239519b,0.07973367604284963
lead_94863bd9f66f9594,0.5739800630543207
lead_dcb81df9774a2dbf,0.43469745584634484
lead_41ed9f1945b9e2a9,0.4264800119752532
lead_a0a74175ab2a2011,0.16722520323196047
lead_380ad6ffef9a1234,0.6957034638189543
lead_13b8078988fd3366,0.10866350030139288
lead_083c9ee38dfd8193,0.19122247121940597
lead_d05163b950ad701b,0.5851137289189686
lead_63ce148a78b3a6d6,0.13487574625387472
lead_730ab30e5093d27d,0.2461280641888182
lead_7160bfa6ccbf812c,0.08975480590055958
lead_7b07f236968e8ea4,0.04567535060890306
lead_7e1d97fa4addd3dc,0.4549802260613065
lead_cf163a246baba20a,0.1850053465793672
lead_3f33c490642c45ca,0.7590240238644167
lead_b47b47bcb8a06d31,0.19848024646735504
lead_bdf0d11f7e3d1bf0,0.5709957854851783
lead_be9c23747b399866,0.8480502972427995
lead_410162fac12fdfb9,0.8383918148047361
lead_10c42c2506df70fb,0.17897991559418322
lead_73b6ada8a8ff08db,0.149629462047823
